District,Building name,Last date of residence of the case(s),Related probable/confirmed cases
Kwai Tsing,"Block 6, Kwai Shing West Estate",,5472
Kwai Tsing,"Block 6, Kwai Shing West Estate",,5474
Yau Tsim Mong,Silka Seaview Hotel Hong Kong,,5475
Sha Tin,Courtyard By Marriott Hong Kong Sha Tin,,5476
Kwai Tsing,"Silka Tsuen Wan, Hong Kong",,5477
Yau Tsim Mong,"Dorsett Mongkok, Hong Kong",,5478
Sha Tin,"Yue Chak House, Yue Tin Court",,5479
Islands,Hong Kong Skycity Marriott Hotel,,5482
Islands,Hong Kong Skycity Marriott Hotel,,5483
Yau Tsim Mong,"Block 2, The Long Beach",,5484
Kwun Tong,"Dorsett Kwun Tong, Hong Kong",,5486
Wan Chai,"Victoria Heights, 43A Stubbs Road",,5487
Islands,"Tower 3, The Visionary",,5488
Sha Tin,"Yue Chak House, Yue Tin Court",,5492
Islands,Hong Kong Skycity Marriott Hotel,,5496
Tuen Mun,"King On House, Shan King Estate",,5497
Tuen Mun,"King On House, Shan King Estate",,5498
Kowloon City,"Sik Man House, Ho Man Tin Estate",,5499
Wan Chai,168 Tung Lo Wan Road,,5500
Sha Tin,"Block F, Garden Rivera",,5501
Sai Kung,Clear Water Bay Apartments,,5502
Southern,Red Hill Park,,5503
Sai Kung,"Po Lam Estate, Po Tai House",,5504
Sha Tin,"Block F, Garden Rivera",,5505
Islands,"Ying Yat House, Yat Tung Estate",,5506
Kwun Tong,"Block 17, Laguna City",,5507
Sai Kung,Crowne Plaza Hong Kong Kowloon East Hotel,,5509
Eastern,"Tower 2, Pacific Palisades",,5510
Kowloon City,Billion Court,,5511
Yau Tsim Mong,Lee Man Building,,5512
Central & Western,Tai Fat Building,,5513
Wan Chai,Malibu Garden,,5514
Sai Kung,Alto Residences,,5515
Wan Chai,Chee On Building,,5516
Sai Kung,"Block 2, Hillview Court",,5517
Tsuen Wan,Hoi Pa San Tsuen,,5518
Central & Western,Flourish Court,,5520
Wong Tai Sin,"Fu Tung House, Tung Tau Estate",,5521
Yau Tsim Mong,"Tai Chuen Building, Cosmopolitan Estates",,5523
Yau Tsim Mong,Yan Hong Building,,5524
Sha Tin,"Block 5, Royal Ascot",,5525
Sha Tin,"Yiu Ping House, Yiu On Estate",,5526
Sha Tin,"Block 5, Royal Ascot",,5529
Wan Chai,"Block E, Beverly Hill",,5530
Yau Tsim Mong,"Tower 1, The Harbourside",,5531
Yuen Long,"Wah Choi House, Tin Wah Estate",,5532
Yau Tsim Mong,Lee Man Building,,5533
Yau Tsim Mong,Paradise Square,,5534
Kowloon City,"Tower 3, K. City",,5535
Yau Tsim Mong,70 Fa Yuen Street,,5536
Kwun Tong,"Shun Tai House, Shun Chi Court",,5537
Yau Tsim Mong,Far East Mansion,,5538
Sham Shui Po,17A-17D Shek Kip Mei Street,,5539
Kowloon City,Metropark Hotel Kowloon,,5540
Eastern,"Tower 6, Grand Promenade",,5541
Tsuen Wan,"Block 5, City Point",,5542
Central & Western,Visalia Garden,,5543
Wan Chai,Yick Wah Building,,5544
Wan Chai,Malahon Apartments,,5545
Yau Tsim Mong,"831 Canton Road, Kam Wah Building",,5546
Kowloon City,Kowloon Tong Mansion,,5547
Wan Chai,Hong Kong Mansion,,5548
Yau Tsim Mong,7 Cedar Street,,5549
Islands,"Block 2, Coastal Skyline",,5550
Sai Kung,"Tower 1, The Grandiose",,5551
Sai Kung,"Tower 3, Le Prestige, LOHAS Park",,5552
Wan Chai,"6 Dragon Terrace, Dragon Court",,5553
Southern,"Block 21, Baguio Villa",,5554
Wan Chai,451 Lockhart Road,,5555
Kwun Tong,"Block 34, Laguna City",,5556
Central & Western,"Block 2, Garden Terrace",,5557
Kwai Tsing,"Silka Tsuen Wan, Hong Kong",,5558
Yau Tsim Mong,Silka Seaview Hotel Hong Kong,,5559
Wan Chai,Chee On Building,,5560
Sha Tin,"Block A, Greenwood Garden",,5561
Sham Shui Po,"Tower 6, Manhattan Hill",,5564
Islands,Novotel Citygate Hong Kong,,5565
Islands,Airport Regal Hotel,,5566
Yuen Long,"Hay Ping House, Long Ping Estate",,5567
Yuen Long,Tsat Sing Kong Tsuen,,5568
Central & Western,"Block 2, Garden Terrace",,5569
Sha Tin,"Tower 4, Park Belvedere",,5570
Sha Tin,"Laurel Court, World-wide Gardens",,5571
Kwai Tsing,"Wah Shun Court, Wah Yuen Chuen",,5572
Sha Tin,"Block A, Greenwood Garden",,5573
Sha Tin,"Tower 1, Lake Silver",,5574
Sai Kung,"Villa Rhapsody, Symphony Bay",,5575
Tai Po,"Block 7, Richwood Park",,5576
Sham Shui Po,17A-17D Shek Kip Mei Street,,5577
Kwai Tsing,"Block 2, Grand Horizon",,5578
Kwun Tong,"Tin Yiu House, Shun Tin Estate",,5579
Islands,Regal Airport Hotel Hong Kong,,5580
Kwai Tsing,"Tower 8, Tierra Verde",,5581
Central & Western,Beau Cloud Mansion,,5582
Sha Tin,"Tower 7, The Palazzo",,5583
Islands,Regal Airport Hotel Hong Kong,,5584
Wan Chai,11 Broom Road,,5585
Southern,"Phase 1, Residence Bel-Air",,5586
Wan Chai,The Altitude,,5587
Yau Tsim Mong,Lee Man Building,,5588
Yau Tsim Mong,142-144 Tai Nam Street,,5589
Tsuen Wan,"Block 2, Rhine Garden",,5590
Yau Tsim Mong,Hing Lung Building,,5591
Yuen Long,Ko Po San Tsuen,,5592
Yuen Long,"Goodview Court, Yuen Long",,5593
Eastern,"Block 3, City Garden",,5594
Central & Western,The Morgan,,5595
Wan Chai,"Block C, Paterson Building",,5596
Central & Western,Sea View Mansion,,5597
Central & Western,Birchwood Place,,5598
Yuen Long,"M9, Yoho Midtown",,5599
Yuen Long,Tsat Sing Kong Tsuen,,5600
Yuen Long,"Hung Long House, Hung Fuk Estate",,5601
Sham Shui Po,"Tower 6, The Pacifica",,5602
Wong Tai Sin,Aspen Crest,,5603
Wong Tai Sin,Aspen Crest,,5604
Yau Tsim Mong,Lee Fat Building,,5605
Yau Tsim Mong,97 Hak Po Street,,5606
Eastern,Grand Garden,,5607
Yau Tsim Mong,Sun Hing Building,,5608
Yau Tsim Mong,40 Tung Choi Street,,5609
Sai Kung,Nam Shan Village,,5610
Sai Kung,Pak Kong Village,,5611
Kowloon City,"Block 2, Phase 10, Whampoa Garden",,5612
North,"Chow Wu House, Yuk Po Court",,5613
Central & Western,"Paris Court, Realty Gardens",,5614
Sham Shui Po,"Man Lok House, Tai Hang Sai Estate",,5615
Yau Tsim Mong,"Cam Key Mansion, 495 Shanghai Street",,5616
Wan Chai,The Altitude,,5617
Wan Chai,"Block C, Fontana Gardens",,5618
Wan Chai,"Lai Kit Lau, Lai Tak Tsuen",,5619
Tai Po,Tai Hang Tsz Tong Tsuen,,5620
Yau Tsim Mong,"Block 2, The Long Beach",,5621
Sai Kung,"Tower 5, Capri 33 Tong Yin Street",,5622
Sai Kung,"Po Tai House, Po Lam Estate",,5624
Southern,"Block 1, Ocean Court",,5625
Kwun Tong,"Wing Mei House, Yau Chui Court",,5626
Central & Western,Sik On House,,5627
Sai Kung,"Block1, Beverly Garden",,5628
Central & Western,Flourish Court,,5629
Yuen Long,"Chung Hoi House, Tin Chung Court",,5630
Yau Tsim Mong,Far East Consortium Mongkok Building,,5631
Wan Chai,"Block C-D, Woodland Heights",,5632
Kwun Tong,"Block P, Telford Gardens",,5633
Wan Chai,Celeste Court,,5634
Wan Chai,"Lai Kit Lau, Lai Tak Tsuen",,5636
Wong Tai Sin,"Tower 1, Lions Rise",,5637
Kowloon City,Sunderland Estate,,5638
Islands,Tong Fuk Tsuen Village,,5639
Wan Chai,"Block A, Evergreen Villa",,5640
Southern,"Block 2, South Wave Court",,5641
Sha Tin,"Fook Hoi House, Lek Yuen Estate",,5642
Sha Tin,"Block 6, Julimount Garden",,5643
Sha Tin,"Yiu Ping House, Yiu On Estate",,5644
Sha Tin,"Kam Wai House, Kam Fung Court",,5645
Sha Tin,"Fook Lam House, Kwong Lam Court",,5646
Sha Tin,"Block 3, Monte Vista",,5647
Tai Po,Fook On Building,,5648
Tai Po,Fook On Building,,5649
Wan Chai,Phoenix Apartments,,5656
Yau Tsim Mong,Po On Building,,5657
Tsuen Wan,"Savoy Heights, Hong Kong Garden",,5658
Kowloon City,2 Rutland Quadrant,,5659
Yau Tsim Mong,Lee Man Building,,5660
Yau Tsim Mong,"Tower 2, Central Park",,5661
Yau Tsim Mong,Lee Man Building,,5662
Kowloon City,Morning Joy Building,,5663
Eastern,"Block A, Healthy Gardens",,5664
Yau Tsim Mong,Lee Man Building,,5665
Yau Tsim Mong,Lee Man Building,,5666
Sham Shui Po,119 Tai Nan Street,,5667
Eastern,Tai On Building,,5668
Sha Tin,"Block 4, Mountain Shore",,5669
Sham Shui Po,Cheong Wah Building,,5670
Kwun Tong,"Tin Wan House, Shun Tin Estate",,5671
Tai Po,"Block 6, Serenity Park",,5672
Kowloon City,Wing On Court,,5673
Kwai Tsing,"Shing Lok House, Kwai Shing East Estate",,5674
Kwun Tong,"Tsui Hon House, Tsui Ping South Estate",,5675
Kwai Tsing,"Wah Pik House, Ching Wah Court",,5676
Southern,"Fu On Yuen, Chi Fu Fa Yuen",,5677
Yau Tsim Mong,"Tower 1, Central Park",,5678
Central & Western,Caine Building,,5679
Eastern,"Block 47, Heng Fa Chuen",,5680
Eastern,"Block 1, Tanner Garden",,5681
Eastern,"Tower C, Wilshire Towers",,5682
Sham Shui Po,17A-17D Shek Kip Mei Street,,5683
Sai Kung,Silver Terrace Road,,5684
Southern,"Block 1, Ocean Court",,5685
Wan Chai,Dorsett Wan Chai Hotel,,5686
Central & Western,Ovolo Central,,5687
Sham Shui Po,56A Yen Chow Street,,5688
Kwun Tong,"Block 6, Richland Gardens",,5689
Kwun Tong,Hong Pak Court,,5690
Central & Western,Lungga Mansion,,5691
Eastern,"Tower 2, Pacific Palisades",,5692
Eastern,"Tower 2, Pacific Palisades",,5694
Tai Po,Phase I Casa Marina,,5695
Tsuen Wan,Hoi Pa San Tsuen,,5696
Sham Shui Po,"Block 19, Shek Kip Mei Estate",,5697
Tsuen Wan,Hoi Pa San Tsuen,,5698
Central & Western,Tai Fat Building,,5700
Wan Chai,"Block E, Beverly Hill",,5701
Kwun Tong,"Block 17, Laguna City",,5702
Sai Kung,"Wo Yat House, Wo Ming Court",,5703
Sha Tin,"Mei Chuen House, Mei Tin Estate",,5704
Islands,Hong Kong Skycity Marriott Hotel,,5706
Islands,Hong Kong Skycity Marriott Hotel,,5707
Wong Tai Sin,Dragon Glory Mansion,,5708
Islands,Hong Kong Skycity Marriott Hotel,,5710
Sai Kung,"Block 6, On Ning Garden",,5711
Yau Tsim Mong,Best Western Plus Hotel Kowloon,,5712
Wan Chai,"Block D, Evergreen Villa",,5713
Wan Chai,Broadwood Park,,5714
Central & Western,"Block 1, Connaught Garden",,5715
Central & Western,"Block 2, Garden Terrace",,5716
Central & Western,Lungga Mansion,,5717
Sai Kung,"Yan Mui House, Yan Ming Court",,5718
Wan Chai,Hong Kong Mansion,,5719
Southern,"Block 4, Repulse Bay Garden",,5720
Kowloon City,Diamond Mansion,,5721
Yau Tsim Mong,Prudential Hotel,,5722
Tuen Mun,Sun Fung Wai,,5723
Central & Western,"Block 2, Garden Terrace",,5724
Tai Po,"Chung Chun House, Chung Nga Court",,5725
Sai Kung,"Tower 3, The Mediterranean",,5726
Sha Tin,"Block 6, World-wide Gardens",,5727
Wan Chai,Broadview Villa,,5728
Central & Western,Wah Koon Building,,5729
Sha Tin,"Tower 1, Court D, Dragons Range",,5730
Sai Kung,Nam Shan Village,,5731
Wan Chai,Broadview Villa,,5733
Sham Shui Po,Chiat Hing Building,,5734
Islands,"Heung Yat House, Yat Tung Estate",,5735
Tai Po,Ping Long Tsuen,,5736
Kwun Tong,"Sheung Wing House, Upper Ngau Tau Kok Estate",,5737
Sha Tin,"Pok On House, Pok Hong Estate",,5738
Tai Po,Mei Sun Building,,5739
Tsuen Wan,"Block D, Ting Kau Villa",,5740
Sha Tin,Shu Tak Building,,5741
Sha Tin,"Wing Shui House, Lek Yuen Estate",,5742
Sha Tin,"Yiu Wing House, Yiu On Estate",,5743
Islands,"Heung Yat House, Yat Tung Estate",,5744
Kwai Tsing,"Ching Mui House, Cheung Ching Estate",,5745
Kwai Tsing,"Shing Lok House, Kwai Shing East Estate",,5746
Tai Po,Shuen Wan Chan Uk,,5747
Kwai Tsing,"Tower 10, Tierra Verde",,5748
Tuen Mun,"Leung Shui House, Leung King Estate",,5749
Yuen Long,Shek Po Tsuen,,5750
Yau Tsim Mong,"Winfield Building, 847-865 Canton Road",,5751
Tuen Mun,"High Block, Oi Chi House, Yau Oi Estate",,5752
Tai Po,Shuen Wan Chan Uk,,5753
Sai Kung,"Tower 2, Alto Residences",,5754
Sai Kung,Silver Terrace,,5755
Tai Po,Ping Long Village,,5756
Yuen Long,"Chung Lau House, Tin Chung Court",,5757
Yau Tsim Mong,West Hotel,,5758
Central & Western,Ramada Hong Kong Harbour View Hotel,,5759
Kwai Tsing,Dorsett Tsuen Wan,,5760
Yau Tsim Mong,West Hotel,,5761
Yau Tsim Mong,Po Ling Building,,5762
Sham Shui Po,"Man On House, Tai Hang Sai Estate",,5763
Yau Tsim Mong,15 Yim Po Fong Street,,5764
North,"Block 3, Tsui Lai Garden",,5765
Kowloon City,"Block A, Merit Industrial Centre",,5766
Sham Shui Po,"Stage 3, Mei Foo Sun Chuen, 64 Broadway",,5767
Kwai Tsing,"Fung King House, Lai King Estate",,5768
Yau Tsim Mong,Kwong Yuen Building,,5769
Sham Shui Po,Capitol Building,,5770
Kwai Tsing,"Yat Kwai House, Kwai Chung Estate",,5771
Yau Tsim Mong,561 Nathan Road,,5772
Sha Tin,"Sun Hok House, Sun Chui Estate",,5773
Sha Tin,"Sun Kit House, Sun Chui Estate",,5774
Kowloon City,"Block G, Lok Man Sun Chuen",,5775
Sham Shui Po,"Begonia House, So Uk Estate",,5776
Eastern,"Ngan Chun House, Tung Chun Court",,5777
Southern,"Tung Hing House , Lei Tung Estate",,5778
Eastern,11 Ming Yuen Western Street,,5779
Tai Po,"Block 10, Serenity Park",,5780
Wong Tai Sin,"Ching Yi House, Tsz Ching Estate",,5781
Yau Tsim Mong,Po Ling Building,,5782
Eastern,Tai On Building,,5783
Sai Kung,"Tower 2, The Beaumount",,5787
Kowloon City,Loong King Mansion,,5788
Central & Western,206 Queen's Road West,,5789
Wong Tai Sin,"Yiu Sin House, Upper Wong Tai Sin Estate",,5790
Wan Chai,10 Cloud View Road,,5791
Wong Tai Sin,"Tower 1, Aria",,5793
Wong Tai Sin,"Fu Shun House, Fu Shan Estate",,5794
Islands,"Verdant Court, Peninsula Village",,5795
Eastern,"Block 1, Tanner Garden",,5796
Sai Kung,"Block 4, La Cite Noble",,5797
Central & Western,Sik On House,,5798
Yuen Long,"Tower 1, Yoho Town",,5799
Kowloon City,"Wong Tung House, Tung Tau Estate",,5800
Tai Po,"Villa Castell, Tai Po",,5801
Kwun Tong,"Block 6, Richland Gardens",,5802
Eastern,"Tower 1, Harbour Glory",,5803
Wong Tai Sin,"Ming Lai House, Choi Wan Estate",,5804
Tsuen Wan,Keymount Lodge,,5805
Sham Shui Po,"1 Glee Path, Phase 2, Mei Foo Sun Chuen",,5806
Kowloon City,Wiltshire Road,,5807
Southern,South View Garden,,5808
Islands,"Heung Yat House, Yat Tung Estate",,5809
Sham Shui Po,"Block 2, Lai Bo Garden",,5810
Sha Tin,Sha Tin Tau Village,,5811
Tai Po,Kam Shan Tsuen,,5812
Sha Tin,"Lucky Plaza, Fung Lam Court",,5813
North,"Fu Tei Pai, Kwan Tei",,5814
Sham Shui Po,245 Apliu Street,,5815
Sham Shui Po,147 Yee Kuk Street,,5816
Sham Shui Po,245 Apliu Street,,5816
Tuen Mun,"Chun Tin House, Yan Tin Estate",,5817
Sha Tin,Cheung Muk Tau Village,,5818
Central & Western,Sik On House,,5819
Eastern,"Block 12, Braemar Hill Mansions",,5820
Kowloon City,155 Kau Pui Lung Road,,5821
Tai Po,"Shin Tsui House, Fu Shin Estate",,5822
Sha Tin,"Block 7, Jubilee Garden",,5823
Sai Kung,"Tower 5, Ocean Shores,",,5824
Sai Kung,"Tower 5, Ocean Shores",,5825
Sha Tin,"Block 3, Grandeur Garden",,5826
Eastern,Grand Garden,,5828
Central & Western,"Block 2, Garden terrace",,5829
Tai Po,Block 7 Richwood Park,,5830
Tsuen Wan,"Tower B, Serenade Cove",,5831
Kwun Tong,"Block P, Telford Garden",,5832
Central & Western,"Tower 2, Garden terrace",,5833
Sham Shui Po,"Tower 2, The Sparkle",,5834
Sha Tin,"Shek Ying House, Chun Shek Estate",,5836
Tai Po,Tai Po Building,,5837
Eastern,"Block 12, Nan Fung Sun Chuen",,5838
Wan Chai,"Block A, Pearl City Mansion",,5839
Sham Shui Po,"Hau Lim House, Lei Cheng Uk Estate",,5840
Wong Tai Sin,"Lung Fai House, Lower Wong Tai Sin Estate",,5841
Yau Tsim Mong,Sun Hing Building,,5842
Tai Po,"Wan Loi House, Wan Tau Tong Estate",,5843
Kwai Tsing,"Block 6, Villa Esplanada",,5844
Central & Western,"Rear Block (Block A), Kiu Fat Building",,5845
Eastern,Sunny House,,5846
Tsuen Wan,"Low Block, Shek Kuk House, Shek Wai Kok Estate",,5847
Yau Tsim Mong,Kwong Yu Building,,5848
Kwun Tong,"On Wah House, Lok Wah South Estate",,5849
Yau Tsim Mong,On May Mansion,,5850
Yau Tsim Mong,130 Tung Choi Street,,5851
Southern,"Wah Kwong House, Wah Fu Estate",,5852
Southern,"Tung Sing House, Lei Tung Estate",,5852
Kwun Tong,"Lung Pak House, Hong Pak Court",,5853
Kowloon City,"Block 5, Beverly Villas",,5854
Sai Kung,"Block 5, Hong Sing Garden",,5855
Wan Chai,Kwong Tak Mansion,,5856
Wan Chai,Kwong Tak Mansion,,5857
Sham Shui Po,Bedford 28,,5858
Sham Shui Po,"Tower 2, Nob Hill",,5859
Kwun Tong,"Tat Fu House, Po Tat Estate",,5860
North,"Block 2, Belair Monte",,5861
Tuen Mun,Sun Fung Wai,,5862
Kwai Tsing,"Kai Him Lau, Cho Yiu Chuen",,5863
Kowloon City,Springvale,,5864
Wan Chai,10-12 Min Fat Street,,5865
Kowloon City,"Block 8, Site 5, Oak Mansions, Whampoa Garden",,5866
Kwai Tsing,"Block 2, Grand Horizon",,5867
Wan Chai,"Block C, Fontana Garden",,5868
Yau Tsim Mong,"Cam Key Mansion, 495 Shanghai Street",,5869
Kowloon City,Crystal Mansion,,5870
Central & Western,Best Western Plus Hotel Hong Kong,,5871
Central & Western,"Tower 1, Kong Chian Tower",,5872
Wan Chai,11 Broom Road,,5873
Kwai Tsing,Wah Shun Court,,5874
Kowloon City,Sunderland Estate,,5875
Islands,Headland Hotel,,5877
Eastern,"Block A, Yen Lok Building",,5879
Sha Tin,"Hin Kwai House, Hin Keng Estate",,5880
Tai Po,Po Sam Pai Village,,5881
Sha Tin,"Mei Chi House, Mei Tin Estate, Tai Wai, Sha Tin",,5882
Sha Tin,"Jubilee Court, Jubilee Garden",,5883
Kwun Tong,"Lee Ming House, Shun Lee Estate",,5884
Southern,"Tower 9, Bel-Air On The Peak",,5885
Central & Western,"Block 3, Garden Terrace",,5886
Sai Kung,"Tower 5, The Mediterranean",,5887
Sai Kung,"Tower 5, The Mediterranean",,5888
Kowloon City,"Block 1, Kiu Wang Mansion",,5889
Islands,"Heung Yat House, Yat Tung Estate",,5890
Sha Tin,"Cypress House, Kwong Yuen Estate",,5891
Kwai Tsing,"Block 6, Mayfair Gardens",,5892
Eastern,"Tower 1, Harbour Glory",,5893
Sai Kung,Kap Pin Long,,5894
Wan Chai,Hawthorn Garden,,5895
Tai Po,Villa Castell,,5896
Kwun Tong,"Ping Shun House, Ping Tin Estate",,5897
Sai Kung,"Tak Fu House, Hau Tak Estate",,5898
Kwai Tsing,"Ying Kwai House, Kwai Chung Estate",,5899
Sha Tin,"Block 2, Saddle Ridge Garden",,5900
Sha Tin,"Wing Shui House, Lek Yuen Estate",,5901
Yau Tsim Mong,Ocean View Court,,5902
Wan Chai,"Tower 1, Hoover Towers",,5903
Sai Kung,Tseng Lan Shue,,5904
Sham Shui Po,Hing Lung Building,,5905
Kwai Tsing,"Lai Lam House, Lai Yan Court",,5906
Sham Shui Po,"Begonia House, So Uk Estate",,5907
Tai Po,"Tower 1, Mont Vert",,5908
Sha Tin,"Sin Sam House, Lung Hang Estate",,5909
Kwai Tsing,"Wah Suen House, Ching Wah Court",,5910
Yuen Long,"Block M7, Yoho Midtown",,5911
Islands,Hong Kong SkyCity Marriott Hotel,,5912
Sai Kung,"Ng Fai Tin, Clear Water Bay",,5913
Sai Kung,"King Lui House, King Lam Estate",,5914
Sha Tin,"Block 1, La Costa",,5915
Kwun Tong,"Block 2, Lotus Tower, Kwun Tong Garden Estate",,5916
Tai Po,Po Sam Pai Village,,5917
Kowloon City,Duchy Heights,,5918
Kowloon City,Duchy Heights,,5919
Eastern,"Tower 8, Pacific Palisades",,5920
Sham Shui Po,"Ping Yuen, Yau Yat Chuen",,5921
Kowloon City,"Block C, On Lok Factory Building",,5922
Kwai Tsing,"On Hoi House, Cheung On Estate",,5923
Yau Tsim Mong,Skyway Mansion,,5924
Kowloon City,"Block C, On Lok Factory Building",,5925
Sha Tin,Kau To Village,,5927
Kowloon City,61 Maidstone Road,,5928
Kowloon City,The Palace,,5929
Kwai Tsing,"Tower 3A, Phase 1, Tierra Verde",,5930
Eastern,"Tsui Shou House, Tsui Wan Estate",,5931
Tuen Mun,"Lok Sang House, Kin Sang Estate",,5932
Sham Shui Po,"Man Lok House, Tai Hang Sai Estate",,5933
Yau Tsim Mong,Lee Kwan Building,,5934
Wan Chai,Wing Way Court,,5935
Eastern,Hang Ying Building,,5936
Sai Kung,"Block 2, Radiant Towers",,5937
Central & Western,23 Wilmer Street,,5938
Yau Tsim Mong,"Block 4, Metro Harbour View",,5939
Kwun Tong,"Chi Tai House, On Tai Estate",,5940
Kowloon City,"Tower 2, K City",,5941
Tuen Mun,"Block 6, Po Tin Estate",,5943
Yau Tsim Mong,Wai Fat Building,,5944
Tsuen Wan,Tak Tai Building,,5945
Sham Shui Po,"Tower 2, Nob Hill",,5946
Tsuen Wan,"Tower 6, Bellagio",,5947
Sha Tin,"Mei Fung House, Mei Lam Estate",,5948
Yau Tsim Mong,Hang Yue Court,,5949
Sha Tin,"Block 3, Carado Garden",,5950
Sham Shui Po,Sunning Mansion,,5951
North,So Kwun Po Tsuen,,5952
Wan Chai,Winfield Gardens,,5955
Central & Western,Wah Koon Building,,5956
Kwai Tsing,"Block 3, Highland Park",,5957
Tsuen Wan,"Tower 10, Ocean Pride",,5958
Eastern,"Tower C, Wilshire Towers",,5959
Sham Shui Po,"Cassia Road, Yau Yat Chuen",,5960
Wong Tai Sin,"King Tai House, King Lai Court",,5961
Islands,"Block 30, Park Island",,5962
Kowloon City,"Tak Yu House, Tak Long Estate",,5963
Sham Shui Po,"Mei Shan House, Shek Kip Mei Estate",,5964
Kwai Tsing,"Block 1, Greenfield Garden",,5965
Kwun Tong,"Block F, Tak Bo Garden",,5966
Kwai Tsing,"Yee Kui House, Tsing Yi Estate",,5967
Wong Tai Sin,"Block 6, Grand View Garden",,5969
Kowloon City,"Block 2, K City",,5970
Yuen Long,"Yuk Ping House, Long Ping Estate",,5971
Sha Tin,"Tower 1, Court D, Dragons Range",,5972
Southern,Abba Commercial Building,,5973
Yau Tsim Mong,"Cam Key Mansion, 495 Shanghai Street",,5974
Central & Western,"Tower 2, Centenary Mansion",,5975
Sham Shui Po,"Tower 6, The Pacifica",,5976
Yau Tsim Mong,"Tower 1, Central Park",,5977
Sha Tin,"Tower 1, Court D, Dragons Range",,5978
Kwun Tong,"Block 6, Richland Gardens",,5979
Wan Chai,"6 Dragon Terrace, Dragon Court",,5980
Central & Western,Lungga Mansion,,5981
Wong Tai Sin,"Tower 3, Grand View Garden",,5982
Central & Western,106-108 Jervois Street,,5983
Wan Chai,The Charterhouse,,5984
Yau Tsim Mong,"Tower 2, Central Park",,5985
Kwun Tong,"Bauhinia Court, Fulrich Garden",,5986
Eastern,"Tower 1, Harbour Glory",,5987
Yuen Long,"Block A, Manhattan Plaza",,5988
Wan Chai,Sze Bo Building,,5989
Wong Tai Sin,"Wang Hong House, Lok Fu Estate",,5990
Central & Western,Sea View Mansion,,5991
Sha Tin,"Yan Chuen House, Shui Chuen O Estate",,5992
Kwai Tsing,"Ying Kwai House, Kwai Chung Estate",,5993
Kwai Tsing,The Galaxy,,5994
Kwai Tsing,"Ying Kwai House, Kwai Chung Estate",,5995
Eastern,"Tsui Shou House, Tsui Wan Estate",,5996
Eastern,Ka Bo Building,,5997
Kowloon City,"Tower 2, K City",,5999
Wong Tai Sin,"Yung Yuen House, Chuk Yuen North Estate",,6000
Yau Tsim Mong,Travelodge Kowloon,,6001
Sham Shui Po,"Tower 2, Nob Hill",,6002
Kwun Tong,"Bauhinia Court, Fulrich Garden",,6004
Eastern,"Block 2, Kornhill Garden",,6005
Tuen Mun,"High Block, Oi Chi House, Yau Oi Estate",,6006
Kwun Tong,"Hiu Wo House, Hiu Lai Court",,6007
Kwun Tong,"Tin Wan House, Shun Tin Estate, Kwun Tong",,6008
Yuen Long,Tai Kei Leng,,6009
Tsuen Wan,"Block A, Luk Yeung Sun Chuen",,6010
Kwai Tsing,"Block 2, Mount Haven",,6011
Kowloon City,"Block 4, Phase 4, Whampoa Garden",,6012
Wong Tai Sin,"Block 2, Grand View Garden",,6013
Tai Po,"Tower 1, Deerhill Bay",,6014
Wong Tai Sin,"Block 2, Grand View Garden",,6015
Sha Tin,Tung Ning Building,,6016
Sha Tin,"Yan Wo House, Wo Che Estate",,6018
Sha Tin,"Sun Kit House, Sun Chui Estate",,6019
Sha Tin,"Fontana Heights, Belair Gardens",,6020
Sham Shui Po,Nam Pont Building,,6021
Yau Tsim Mong,"Tower 2, Central Park",,6022
Kwun Tong,"Choi King House, Choi Tak Estate",,6023
Sham Shui Po,"Lai Yeung House, Lai Tsui Court",,6024
Sham Shui Po,"Mei Shing House, Shek Kip Mei Estate",,6025
Kwun Tong,"Hiu Ching House, Hiu Lai Court",,6026
Kowloon City,"Kwai Tung House, Tung Tau (II) Estate",,6027
Yau Tsim Mong,"15 Yim Po Fong Street, Mong Kok",,6029
Wan Chai,16 Kai Chiu Road,,6030
Southern,"Fu Hing Yuen, Chi Fu Fa Yuen",,6031
Yau Tsim Mong,"Tower 5, Central Park",,6032
Islands,"Block 7, Tung Chung Crescent",,6033
Sai Kung,Kai Ham Tsuen,,6034
Tai Po,Po Sam Pai Village,,6035
Sha Tin,Wong Chuk Yeung Village,,6037
Wan Chai,Highcliff,,6038
Sham Shui Po,"Tower 2, Nob Hill",,6039
Central & Western,Birchwood Place,,6040
Tai Po,"Kui Wo House, Tai Wo Estate",,6042
Kwai Tsing,"On Tao House, Cheung On Estate",,6044
Kwun Tong,"Sheung Wing House, Upper Ngau Tau Kok Estate",,6046
Kowloon City,"Tak Shan House, Tak Long Estate",,6048
Sham Shui Po,"Shing Tin House, Pak Tin Estate",,6049
Central & Western,"Block 2, Academic Terrace",,6050
Sha Tin,"Block 33, City One ShaTin",,6051
Southern,"Wah Sin House, Wah Kwai Estate",,6052
Tuen Mun,"Hei Tin House, Yan Tin Estate",,6053
Wong Tai Sin,"Lung Yat House, Lower Wong Tai Sin Estate",,6054
Wong Tai Sin,"Block 6, Rhythm Garden",,6055
Eastern,"Ngan Chun House, Tung Chun Court",,6056
Eastern,Wilshire Towers,,6057
Tuen Mun,"King On House, Shan King Estate",,6058
Wong Tai Sin,Pang Ching Court,,6059
Sha Tin,"Block 7, Jubilee Garden",,6060
Eastern,"Block 2, Kornhill Garden",,6061
Sha Tin,"Laurel Court, World-wide Gardens",,6062
Sai Kung,Sha Kok Mei,,6063
Kwun Tong,"Sau Lok House, Sau Mau Ping Estate",,6064
North,"Fu Ming House, Wah Ming Estate",,6065
Southern,"Tung Mau House, Lei Tung Estate",,6066
Southern,"Tower 29, Fung King Court, South Horizons",,6067
Kwun Tong,"Pak Ling Lau, Kwun Tong Garden Estate",,6068
Kwai Tsing,"Block 8, Kwai Shing West Estate",,6069
Kwun Tong,"Block 18, Richland Gardens",,6070
Sha Tin,"Shek Jing House, Chun Shek Estate",,6071
Eastern,"Yat Sing Mansion, Lei King Wan",,6072
Sham Shui Po,The Sorentino,,6073
Sham Shui Po,"Stage 5, Mei Foo Sun Chuen",,6074
North,"Block 7, Flora Plaza",,6075
Tai Po,Pui Kam Building,,6076
Sha Tin,"Mei Lok House, Mei Tin Estate",,6077
Tai Po,"King Yan House, King Nga Court",,6078
Wan Chai,Hong Kong Sanatorium and Hospital,,6079
North,"Ching Ping House, Ching Ho Estate",,6080
Tai Po,"Block B, Greenery Plaza",,6081
North,"Choi Yuk House, Choi Yuen Estate",,6082
Sai Kung,"Kwan Ming House, Yuk Ming Court",,6083
Sai Kung,"Phase 2, Metro City",,6084
Kwun Tong,Wang Kwong Building,,6085
Kwun Tong,"Lam Wai House, Lam Tin Estate",,6086
Yau Tsim Mong,The Victoria Towers,,6087
Kwun Tong,"Kwai Leung House, Lower Ngau Tau Kok Estate",,6088
Wong Tai Sin,"Wui Chi House, Tung Wui Estate",,6089
Sha Tin,"Heng Yat House, Heng On Estate",,6090
Tuen Mun,"Block 6, Po Tin Estate",,6091
Tuen Mun,"Hing Tai House, Tai Hing Estate",,6092
Yau Tsim Mong,Kwong Wing Building,,6093
Tuen Mun,"Low Block, Oi Ming House, Yau Oi Estate",,6094
Wong Tai Sin,"Man Kin House, Tsz Man Estate",,6095
Wan Chai,Hung Fook Mansion,,6096
Wan Chai,Harmony Court,,6097
Tuen Mun,"Nai Wai, Lam Tei",,6098
Wan Chai,Hung Fook Mansion,,6100
Eastern,Ramada Hong Kong Grand View,,6101
Tsuen Wan,Silka Far East Hotel,,6102
Sham Shui Po,"Hoi Pik House, Hoi Lok Court",,6103
Yau Tsim Mong,Man Wai Building,,6104
Yau Tsim Mong,Kai Wan Building,,6105
Kwun Tong,"Kan Wah House, Lok Wah North Estate",,6106
Tai Po,Pui Kam Building,,6108
Yau Tsim Mong,Chung Yuen Building,,6109
Sham Shui Po,"Lai Tak House, Lai On Estate",,6110
Yau Tsim Mong,703 Shanghai Street,,6111
Kwun Tong,Hipway Towers,,6112
Kowloon City,Luen Fat Mansion,,6113
Kowloon City,Fullfair House,,6114
Eastern,"Maple Mansion, Harbour View Gardens",,6115
Wan Chai,Brighton Hotel,,6116
Eastern,Yuet Ming Building,,6117
Yuen Long,"Tong Fong Tsuen, Ping Shan",,6118
Kwai Tsing,"Kwai Ming House, Kwai Fong Estate",,6119
Sha Tin,"Yiu Yan House, Yiu On Estate",,6120
Yuen Long,"Block 17, Sereno Verde",,6121
Wong Tai Sin,Aspen Crest,,6122
Kwai Tsing,"On Tao House, Cheung On Estate",,6123
Yuen Long,"Block 8, Phase 2, Central Park Towers",,6124
Sham Shui Po,"Stage 5, Mei Foo Sun Chuen",,6125
Kowloon City,"Tower 5, Sky Tower",,6131
Wong Tai Sin,"Chu Fung House, Fung Tak Estate",,6132
Southern,"Block 9, Yee Ngar Court, South Horizons",,6133
Kowloon City,"Block 7, Phase 12, Bamboo Mansions, Whampoa Garden",,6134
Kwai Tsing,"Block 8, Kwai Shing West Estate",,6135
Central & Western,"Block B, Phase 3, Kwan Yick Building",,6136
Kwai Tsing,"Block 6, Villa Esplanada",,6137
Kwun Tong,"Block 4, Richland Gardens",,6138
Southern,"Wah Sang House, Wah Fu Estate",,6139
Yuen Long,"Block 14, Full Silver Garden",,6140
Yuen Long,"Block 14, Full Silver Garden",,6141
Yuen Long,"Block 14, Full Silver Garden",,6142
Tuen Mun,"High Block, Oi Chi House, Yau Oi Estate",,6143
Eastern,11 Ming Yuen Western Street,,6144
Wan Chai,"Block A, Pearl City Mansion",,6146
Wan Chai,"Block A, Pearl City Mansion",,6147
Southern,61 Tung Tau Wan Road,,6148
Sai Kung,Kambridge Garden,,6149
Central & Western,"Tower 2, Robinson Place",,6150
North,"Fu Ming House, Wah Ming Estate",,6151
Sha Tin,"Block 3, Ma On Shan Centre",,6152
Wong Tai Sin,Shung Ling Building,,6153
Wong Tai Sin,"Tower 2, Grand View Garden",,6154
Kwun Tong,"Shing Tat House, On Tat Estate",,6156
Kwun Tong,"Yee Hong House, Hong Wah Court",,6157
Kowloon City,"Block 5, Harbour Place",,6158
Eastern,"Block 2, City Garden",,6159
Sai Kung,"Tower 3, Metro Town",,6160
Tsuen Wan,"Block 3, Bo Shek Mansion",,6161
Islands,"Block 22, Siena Two, Discovery Bay",,6162
Sha Tin,"Tower 9, Woodcrest Hill",,6163
Wan Chai,Hung Fook Mansion,,6164
North,"Ching Ping House, Ching Ho Estate",,6165
Central & Western,Woodland Court,,6166
Kwun Tong,Oi Tai Building,,6166
Eastern,"Wan Poon House, Chai Wan Estate",,6167
Kwun Tong,"Sau Lok House, Sau Mau Ping Estate",,6168
Yau Tsim Mong,Kai Wan Building,,6169
Southern,"Tower 11, Yee Fung Court, South Horizons",,6170
Sai Kung,"Moonlight, Phase 2A, Le Prestige, LOHAS Park",,6171
Southern,"Fu Wing Yuen, Chi Fu Fa Yuen",,6172
Kwun Tong,"Lei Sang House , Lei Yue Mun Estate",,6173
Wong Tai Sin,"Tower 1, Aria",,6174
Sha Tin,"Fontana Heights, Belair Gardens",,6175
Yuen Long,"Block 1, Phase 6, Maywood Court",,6176
Sham Shui Po,Galloway Mansion,,6177
Kowloon City,"King Man House, Ho Man Tin Estate",,6178
Wong Tai Sin,"Luk Ching House, Choi Hung Estate",,6179
Islands,"Block 34, Coastline Villa, Discovery Bay",,6180
Tsuen Wan,"Block 3, Bo Shek Mansion",,6181
Yuen Long,Mong Tseng Tsuen,,6182
Tsuen Wan,"Block 3, Bo Shek Mansion",,6183
Tsuen Wan,"Tower 3, Vision City",,6184
Sham Shui Po,"Tower 1, The Pacifica",,6185
Eastern,"Tung Chi House, Tung Yuk Court",,6186
Central & Western,"Block B, Phase 3, Kwan Yick Building",,6187
Wan Chai,Harmony Court,,6188
North,"Tower 1, Noble Hill",,6189
Kwai Tsing,"Kai King Lau, Cho Yiu Chuen",,6190
Central & Western,"Block B, Phase 3, Kwan Yick Building",,6191
Kowloon City,"Tower 1, Oasis Kai Tak",,6192
Sham Shui Po,"Nam On House, Nam Shan Estate",,6193
Sha Tin,"Tower 3, The Palazzo",,6194
Eastern,Hung Yat Building,,6196
Sha Tin,"Hoi Ning Building, Shatin Centre",,6197
Kwai Tsing,"Wang Ngai House, Cheung Wang Estate",,6198
Sha Tin,"Ka Wai House, Ka Tin Court",,6199
Kowloon City,"Block 5, Willow Mansions, Phase 3, Whampoa Garden",,6200
Kowloon City,"Kadoorie Hill, 211 Prince Edward Road West",,6201
Wong Tai Sin,"Nga Yuen House, Chuk Yuen South Estate",,6202
Yau Tsim Mong,Ka Fat Building,,6203
Yau Tsim Mong,Eliza Building,,6204
Sai Kung,"Tak Fu House, Hau Tak Estate",,6205
Tuen Mun,"Block 8, Po Tin Estate",,6206
Wan Chai,"Block B, Villa Rocha",,6207
Eastern,Yuet Ming Building,,6208
Wan Chai,Park Garden,,6209
Wan Chai,Park Garden,,6210
Wan Chai,Tsing Fung Building,,6211
North,"Choi Lai House, Choi Yuen Estate",,6212
Sha Tin,"Sheung Sam House, Lung Hang Estate",,6213
Sha Tin,"Block 7, Royal Ascot",,6214
Sai Kung,"Tower 2, Hemera, Phase 3, LOHAS Park",,6215
Eastern,"Tower 3, Grand Promenade",,6216
Eastern,"Tower 3, Grand Promenade",,6217
Sha Tin,"Yiu Him House, Yiu On Estate",,6218
Sha Tin,Shatin Knoll,,6219
Sai Kung,"Tower 6, Le Point, Metro Town",,6220
Yau Tsim Mong,100-102 Portland Street,,6221
Sai Kung,"Tower 2, Hemera, Phase 3, LOHAS Park",,6222
Tai Po,Mei Shing Building,,6223
North,"Tin Hor House, Tin Ping Estate",,6224
Tai Po,Mei Sun Building,,6225
Kwai Tsing,"Lai Lam House, Lai Yan Court",,6226
Yau Tsim Mong,Wah Mei Building,,6227
North,"Ching Ping House, Ching Ho Estate",,6228
Yau Tsim Mong,Po Ling Building,,6229
Kwun Tong,"Lei Ye House, Lei Yue Mun Estate",,6230
Tsuen Wan,The Panorama,,6231
Kwun Tong,"Block 29, Phase 2, Laguna City",,6232
Eastern,Wai Lee Building,,6233
Kowloon City,"Tower 2, One Beacon Hill",,6234
Sham Shui Po,"Hoi Chi House, Hoi Lai Estate",,6235
Tai Po,Po Sam Pai Tsuen,,6236
Eastern,"Tower 1, Harbour Glory",,6237
Tsuen Wan,"Block 2, Phase 1, Belvedere Garden",,6238
Central & Western,Woodland Court,,6239
Central & Western,"Block C, Fulham Garden",,6246
Sham Shui Po,"Ning Ching House, Yee Ching Court",,6247
Sha Tin,"Tower 2, Sausalito",,6248
Kowloon City,"Block 1B, Vibe Centro",,6249
Central & Western,Kennedy Heights,,6250
Central & Western,Chiu Kwong Mansion,,6251
Sha Tin,"Hing On House, Sui Wo Court",,6252
Sha Tin,"Tower 3, Sausalito",,6253
Yau Tsim Mong,Lee Kwan Building,,6254
Southern,"Block 9, Yee Ngar Court, South Horizons",,6255
Kwai Tsing,"Block 8, Kwai Shing West Estate",,6256
Tuen Mun,"Tip Yee House, Butterfly Estate",,6257
Southern,"Tower 9, Yee Ngar Court, South Horizons",,6258
Central & Western,"Block B, Phase III, Kwan Yick Building",,6259
Yuen Long,"Block M7, Yoho Midtown",,6260
Yuen Long,"Block M7, Yoho Midtown",,6261
Yau Tsim Mong,Kwong Yu Building,,6262
Sha Tin,"Block 7, Jubilee Garden",,6263
Kwai Tsing,"On Hoi House, Cheung On Estate",,6264
Kwun Tong,"Wing Mei House, Yau Chui Court",,6265
Tai Po,"Tower 1, Mont Vert",,6266
Kwai Tsing,"Block 6, Villa Esplanada",,6267
Sha Tin,"Hin Kwai House, Hing Keng Estate",,6268
Wong Tai Sin,"Block 6, Grand View Garden",,6270
Tsuen Wan,Tak Tai Building,,6271
Central & Western,Woodland Court,,6273
Kowloon City,"King Man House, Ho Man Tin Estate",,6274
Kwun Tong,"Tak Shan House, Tak Long Estate",,6275
Wong Tai Sin,"Block 6, Rhythm Garden",,6276
Kwun Tong,"Tak Shan House, Tak Long Estate",,6277
Yau Tsim Mong,Chung Ying Building,,6278
Islands,"Starview, Discovery Bay",,6279
Sai Kung,"Tak Fu House, Hau Tak Estate",,6280
Sai Kung,"Tak Fu House, Hau Tak Estate",,6281
Sai Kung,"Ming Kok House, Ming Tak Estate",,6282
Southern,"Mei Ka Court, South Horizons",,6283
Sham Shui Po,"Mei Shan House, Shek Kip Mei Estate",,6284
Kwun Tong,"Tower 2, Lotus Tower, Kwun Tong Garden Estate",,6285
Southern,"Yee Ngar Court, South Horizons",,6286
Tsuen Wan,"Tower 10, Ocean Pride",,6287
Eastern,Tung Wah Group of Hospitals Fong Shu Chuen Social Services Building,,6289
Wan Chai,Winfield Gardens,,6290
Tsuen Wan,"Block 5, Phase 2, Belvedere Garden",,6291
Yuen Long,"Tower 5, The Spectra",,6292
North,"Block 1, Royal Green",,6293
Central & Western,"Block A, La Hacienda",,6294
Tuen Mun,"Tower 3, Goodview Garden",,6295
Kwun Tong,"Hiu Sing House, Hiu Lai Court",,6296
Tuen Mun,Tuen Mun Court,,6297
Sha Tin,"Block 5, Grandeur Garden",,6298
Sha Tin,"Kam Wai House, Kam Fung Court",,6299
Wong Tai Sin,"Kai Fai House, Choi Wan (2) Estate",,6300
Eastern,"Tung Chi House, Tung Yuk Court",,6301
Eastern,"Tung Chi House, Tung Yuk Court",,6302
Kowloon City,Tung Po Building,,6303
Wan Chai,"Block B, Bay View Mansion",,6304
Sai Kung,"Tower 15, Ocean Shores",,6305
Kwun Tong,"Kai Wong House, Kai Tin Estate",,6306
Kwun Tong,"Lam Fai House, Lam Tin Estate",,6307
Tai Po,"Heng Tai House, Fu Heng Estate",,6308
Yuen Long,"Yuk Ping House, Long Ping Estate",,6310
Tuen Mun,"Siu Hang House, Siu Hong Court",,6311
Wong Tai Sin,"Block 5, Kingsford Terrace",,6313
Kwun Tong,"Tak Cheung House, Tak Long Estate",,6314
Eastern,"Block 5, Aldrich Garden",,6315
Tsuen Wan,"Block 1, Greenview Terrace",,6316
Kwai Tsing,"Seung Lai House, Wah Lai Estate",,6317
Yau Tsim Mong,"Tower 5, Central Park",,6318
Wong Tai Sin,"Tsz Lok Estate, Lok Tin House",,6319
Wong Tai Sin,"Tower 2, Grand View Garden",,6320
Kwun Tong,"Yat Lai House, Yau Lai Estate",,6321
Yau Tsim Mong,"Sky Tower, The Arch",,6322
Sham Shui Po,Fu Shun Building,,6322
Eastern,Winner Mansion,,6323
Southern,"Yee Ngar Court, South Horizons",,6324
Central & Western,"Block B, Phase 3, Kwan Yick Building",,6325
Kowloon City,"Block 4, Palm Mansions, Whampoa Garden",,6326
Kowloon City,"Block 7, Bamboo Mansions, Whampoa Garden",,6327
Yau Tsim Mong,"Sky Tower, The Arch",,6331
Yau Tsim Mong,"Sky Tower, The Arch",,6332
Sai Kung,"Tower 4, The Metropolis, Metro City",,6333
Wong Tai Sin,"Block 2, Bel Air Heights",,6334
Kowloon City,"Lok Chee Lau, Lok Man Sun Chuen",,6335
Islands,Hong Kong SkyCity Marriott Hotel,,6338
Islands,"Mun Hong House, Mun Tung Estate",,6339
Eastern,"Block B, Perfect Mount Gardens",,6341
Wong Tai Sin,Pak Lok Nursing Home Company Limited,,6342
Kowloon City,Billion Court,,6343
Wan Chai,"Block A, Tonnochy Towers",,6344
Wan Chai,Kin Lee Building,,6345
Kwun Tong,"Tak Lung House, Tak Tin Estate",,6346
Eastern,Tung Wah Group Of Hospitals Fong Shu Chuen Day Activity Centre cum Hostel,,6347
Kwun Tong,"Bauhinia Court, Fulrich Garden",,6348
Tai Po,"Shin Nga House, Fu Shin Estate",,6349
Yau Tsim Mong,26 Kimberley Road,,6350
Kwun Tong,"Hang On House, Wo Lok Estate",,6351
Kwun Tong,"Tsui Yue House, Tsui Ping (North) Estate",,6354
Kwun Tong,"Yung Lai House, Yau Lai Estate",,6355
Sham Shui Po,"Begonia House, So Uk Estate",,6356
Tai Po,Lam Tsuen San Tsuen,,6357
Kwun Tong,"Kui Tai House, On Tai Estate",,6358
Kwun Tong,"Block 31, Laguna City",,6359
Kowloon City,"Tower 2, Harbourfront Landmark",,6360
Kwai Tsing,"Wah Chi Court, Wah Yuen Chuen",,6361
Yau Tsim Mong,"Hoi Yan House, Hoi Fu Court",,6362
Wong Tai Sin,"Fu Yan House, Fu Shan Estate",,6363
Southern,"Block 3, Ocean Court",,6364
Tuen Mun,"Yiu Lun House, Siu Lun Court",,6365
Eastern,"Yat Wah Mansion, Lei King Wan",,6366
Wan Chai,Hung Fook Mansion,,6367
Wan Chai,Hung Fook Mansion,,6368
Yau Tsim Mong,Lee Man Building,,6369
Sham Shui Po,Hung Hing Mansion,,6370
Kwai Tsing,"Hong Mei House, Cheung Hong Estate",,6371
Tuen Mun,"Hing Yiu House, Tai Hing Estate",,6372
Islands,"Block 32, Crestmont Villa, Peninsula Village, Phase 4, Discovery Bay",,6373
Kwun Tong,"Block 6, Richland Gardens",,6374
Tuen Mun,"Low Block, King Kwai House, Shan King Estate",,6375
Kwun Tong,"Block 6, Richland Gardens",,6376
Wong Tai Sin,Fung Wong Building,,6377
Southern,"Yee Ngar Court, South Horizons",,6378
Tsuen Wan,"Wing Hong House, Fuk Loi Estate",,6379
Sham Shui Po,"Hoi Shun House, Hoi Lai Estate",,6380
Yau Tsim Mong,Tung Wah Group of Hospitals Ho Yuk Chung Willow Lodge,,6381
Kowloon City,"King's Court, 11 Man Fuk Road",,6382
Kowloon City,"King's Court, 11 Man Fuk Road",,6383
Sai Kung,"Tower 5, Monterey",,6384
Sai Kung,"Block 2, Fu Ning Garden",,6385
Sham Shui Po,"Hoi Hei House, Hoi Lai Estate",,6386
Tsuen Wan,"Tak Fam Building, 18 Tak Wah Street",,6387
Southern,"Yee Ngar Court, South Horizons",,6388
Islands,Pui O San Wai Tsuen,,6389
Yau Tsim Mong,Ramada Hong Kong Grand,,6390
Central & Western,Best Western Plus Hotel Kowloon,,6391
Southern,"Hoi Lung Court, Aberdeen Centre",,6392
Kwun Tong,"Lei Sang House, Lei Yue Mun Estate",,6393
Kwun Tong,"Sau Ho House, Sau Mau Ping South Estate",,6394
Tsuen Wan,"Block 8, Tsuen King Garden",,6395
Tsuen Wan,"Wing Hong House, Fuk Loi Estate",,6396
Tuen Mun,"Block 1, Hong Lai Garden",,6397
Wan Chai,Gordon House,,6398
Kwun Tong,"Block 23, Laguna City",,6398
Yau Tsim Mong,"Tower 2, Harbour Green",,6399
Kowloon City,"Tower 26, Parc Oasis",,6401
Kwai Tsing,"Block 3, Highland Park",,6402
Eastern,Tung Wah Group Of Hospitals Fong Shu Chuen Day Activity Centre cum Hostel,,6403
Eastern,Tung Wah Group Of Hospitals Fong Shu Chuen Day Activity Centre cum Hostel,,6404
Eastern,Tung Wah Group Of Hospitals Fong Shu Chuen Day Activity Centre cum Hostel,,6405
Eastern,Tung Wah Group Of Hospitals Fong Shu Chuen Day Activity Centre cum Hostel,,6406
Eastern,Tung Wah Group Of Hospitals Fong Shu Chuen Day Activity Centre cum Hostel,,6407
Eastern,Tung Wah Group Of Hospitals Fong Shu Chuen Day Activity Centre cum Hostel,,6408
Eastern,Tung Wah Group Of Hospitals Fong Shu Chuen Day Activity Centre cum Hostel,,6409
Kwun Tong,"Bik Lai House, Yau Lai Estate",,6410
Yuen Long,El Castillo,,6411
Kowloon City,"Tower 1A, Upper East",,6412
Tsuen Wan,"Block 5, Phase 2, Belvedere Garden",,6413
Yuen Long,"Shui Fai House, Tin Shui Estate",,6414
Central & Western,Kam Wa Building,,6415
Sham Shui Po,38 Fuk Wing Street,,6416
Islands,"Block 32, Crestmont Villa, Peninsula Village,Phase 4, Discovery Bay",,6417
Yau Tsim Mong,"Tower 5, Central Park",,6418
Sha Tin,"Shek Fai House, Chun Shek Estate",,6419
Eastern,"Yat Wah Mansion, Lei King Wan",,6420
Sha Tin,"Tower 3, Phase 1, Festival City",,6421
Eastern,Tung Wah Group Of Hospitals Fong Shu Chuen Day Activity Centre cum Hostel,,6422
Eastern,Tung Wah Group Of Hospitals Fong Shu Chuen Day Activity Centre cum Hostel,,6423
Eastern,Tung Wah Group Of Hospitals Fong Shu Chuen Day Activity Centre cum Hostel,,6424
Eastern,Tung Wah Group Of Hospitals Fong Shu Chuen Day Activity Centre cum Hostel,,6425
Eastern,Tung Wah Group Of Hospitals Fong Shu Chuen Day Activity Centre cum Hostel,,6426
Yuen Long,"Maywood Court, Kingswood Villas",,6427
Central & Western,Siu Cheung Building,,6428
Eastern,Tung Wah Group Of Hospitals Fong Shu Chuen Day Activity Centre cum Hostel,,6429
Tuen Mun,"Leung Chun House, Leung King Estate",,6430
Eastern,Tung Wah Group Of Hospitals Fong Shu Chuen Day Activity Centre cum Hostel,,6431
Kwun Tong,"Tak Lok House, Tak Tin Estate",,6432
Eastern,"Hing Tsui House, Hing Wah (I) Estate",,6433
Eastern,Tung Wah Group Of Hospitals Fong Shu Chuen Day Activity Centre cum Hostel,,6434
Eastern,Tung Wah Group Of Hospitals Fong Shu Chuen Day Activity Centre cum Hostel,,6435
Eastern,Tung Wah Group Of Hospitals Fong Shu Chuen Day Activity Centre cum Hostel,,6436
Eastern,Tung Wah Group Of Hospitals Fong Shu Chuen Day Activity Centre cum Hostel,,6437
Eastern,Tung Wah Group Of Hospitals Fong Shu Chuen Day Activity Centre cum Hostel,,6438
Eastern,Tung Wah Group Of Hospitals Fong Shu Chuen Day Activity Centre cum Hostel,,6439
Islands,Hong Kong SkyCity Marriott Hotel,,6440
Yau Tsim Mong,"Yee Kai Building, 411-413 Reclamation Street",,6441
Kwun Tong,"Chun Moon House, Ko Chun Court",,6444
Kowloon City,Cumberland Road,,6447
Sham Shui Po,38 Fuk Wing Street,,6448
North,"Yung Wa House, Yung Shing Court",,6449
Kwai Tsing,"Fung King House, Lai King Estate",,6450
Yuen Long,"Cheuk Ping House, Long Ping Estate",,6451
Yau Tsim Mong,"Sky Tower, The Arch",,6452
Kwun Tong,"Shun King Building, Ka Lok Street",,6453
Sham Shui Po,27-29 Shek Kip Mei Street,,6454
Kwai Tsing,"Wang Sum House, Cheung Wang Estate",,6455
Tai Po,JC Castle,,6457
Tai Po,JC Castle,,6458
Eastern,Victoria Tower,,6459
North,Ma Shi Po,,6460
Yuen Long,"Nang Fu House, Tin Fu Court",,6461
Yuen Long,"Yan Sui House, Tin Yan Estate",,6462
Eastern,Tung Wah Group Of Hospitals Fong Shu Chuen Day Activity Centre cum Hostel,,6463
Eastern,Tung Wah Group Of Hospitals Fong Shu Chuen Day Activity Centre cum Hostel,,6464
Eastern,Tung Wah Group Of Hospitals Fong Shu Chuen Day Activity Centre cum Hostel,,6465
Wong Tai Sin,"Lung San House, Lung Poon Court",,6466
Wan Chai,Capital Building,,6467
Eastern,Tung Wah Group Of Hospitals Fong Shu Chuen Day Activity Centre cum Hostel,,6468
Eastern,Tung Wah Group Of Hospitals Fong Shu Chuen Day Activity Centre cum Hostel,,6469
Eastern,Tung Wah Group Of Hospitals Fong Shu Chuen Day Activity Centre cum Hostel,,6470
Eastern,Tung Wah Group Of Hospitals Fong Shu Chuen Day Activity Centre cum Hostel,,6471
Eastern,Tung Wah Group Of Hospitals Fong Shu Chuen Day Activity Centre cum Hostel,,6472
Eastern,Tung Wah Group Of Hospitals Fong Shu Chuen Day Activity Centre cum Hostel,,6473
Eastern,Tung Wah Group Of Hospitals Fong Shu Chuen Day Activity Centre cum Hostel,,6474
Eastern,Tung Wah Group Of Hospitals Fong Shu Chuen Day Activity Centre cum Hostel,,6475
Eastern,Tung Wah Group Of Hospitals Fong Shu Chuen Day Activity Centre cum Hostel,,6476
Eastern,Tung Wah Group Of Hospitals Fong Shu Chuen Day Activity Centre cum Hostel,,6477
Eastern,Tung Wah Group Of Hospitals Fong Shu Chuen Day Activity Centre cum Hostel,,6478
Sha Tin,"Mei Fung House, Mei Lam Estate",,6479
Sha Tin,"Tower 5, Ocean View",,6480
Wong Tai Sin,"Oi Chung House, Tsz Oi Court",,6481
Kwun Tong,"Tak Shui House, Tak Tin Estate",,6482
Yuen Long,"Maywood Court, Kingswood Villas",,6483
Kowloon City,Mok Cheong Street,,6484
Kwai Tsing,"Chi Shek House, Shek Yam Estate",,6485
North,"Ching Yun House, Ching Ho Estate",,6486
Southern,"Wah Oi House, Wah Kwai Estate",,6487
Yau Tsim Mong,Kowloon Wholesale Fruit Market (Yau Ma Tei Fruit Market),,6488
Wong Tai Sin,"Wang Leung House, Wang Tau Hom Estate",,6489
Eastern,Han Palace Building,,6490
Kowloon City,"Chi Chun Lau, Chun Seen Mei Chuen",,6491
Islands,"Block 16, La Costa, Discovery Bay",,6492
Central & Western,"Block A, Tycoon Court",,6493
Eastern,Fu Yan Court,,6494
Kwun Tong,"Ping Chun House, Ping Tin Estate",,6495
Eastern,Tung Wah Group Of Hospitals Fong Shu Chuen Day Activity Centre cum Hostel,,6496
Eastern,Tung Wah Group Of Hospitals Fong Shu Chuen Day Activity Centre cum Hostel,,6497
Eastern,Tung Wah Group Of Hospitals Fong Shu Chuen Day Activity Centre cum Hostel,,6498
Eastern,Tung Wah Group Of Hospitals Fong Shu Chuen Day Activity Centre cum Hostel,,6499
Eastern,Tung Wah Group Of Hospitals Fong Shu Chuen Day Activity Centre cum Hostel,,6500
Sha Tin,New Town Plaza Phase I Tristar Kitchen (non-residential),06/11/2020,"5375, 5382"
Wan Chai,Everbright Centre (non-residential),06/11/2020,"5375, 5384"
Islands,Citygate (non-residential),06/11/2020,"5388, 5389"
Kowloon City,Comfort Court Tak Cheong Noodle (non-residential),07/11/2020,"5367, 5371"
Sha Tin,SKH Holy Spirit Primary School (non-residential),07/11/2020,"5375, 5382"
Tsuen Wan,Tsuen Wan Plaza Super Star Chinese Cuisine (non-residential),07/11/2020,"5399, 5444"
Tuen Mun,Shan King Estate Community Recreation Building (non-residential),13/11/2020,"5497, 5498"
Tuen Mun,Tai Hing Estate Commerical Complex (non-residential),14/11/2020,"5497, 5498"
Sha Tin,HomeSquare Jasmine (non-residential),15/11/2020,"5501, 5505"
Yau Tsim Mong,Edward Mansion Rendezvous Arts Center (non-residential),15/11/2020,"5647, 5721"
Yau Tsim Mong,Chuang's London Plaza (non-residential),16/11/2020,"5439, 5472"
Kowloon City,Screen World Site 8 The Whampoa ClubONE Spotlight (non-residential),16/11/2020,"5638, 5757, 6064"
North,North District Town Hall (non-residential),17/11/2020,"5747, 5765"
Kwun Tong,Yung Fung Shee Memorial Centre (non-residential),18/11/2020,5507
Sai Kung,Tseung Kwan O Plaza (non-residential),18/11/2020,5509
Sai Kung,Tower 2 Twin Peaks (non-residential),18/11/2020,5509
Wan Chai,14 Cannon Street Man Wah Café (non-residential),18/11/2020,5516
Yau Tsim Mong,Peninsula Office Tower (non-residential),18/11/2020,5517
Kwai Tsing,32-40 Kwai Shing Circuit (non-residential),18/11/2020,5518
Sham Shui Po,315 Lai Chi Kok Road Q1 (non-residential),18/11/2020,5521
Yau Tsim Mong,Gateway Arcade Harbour City Duck Victoria (non-residential),18/11/2020,5531
Sai Kung,The Jockey Club Kau Sai Chau Public Golf Course (non-residential),18/11/2020,5534
Yau Tsim Mong,G/F CITE 33 33 Lai Chi Kok Road (non-residential),18/11/2020,5549
Yau Tsim Mong,The One Nabe Urawa (non-residential),18/11/2020,5552
Yau Tsim Mong,The One AFURI Ramen + Dumpling (non-residential),18/11/2020,5552
Kwun Tong,APM (non-residential),18/11/2020,5556
Central & Western,10 Old Peak Road (non-residential),18/11/2020,5569
Wan Chai,World Trade Centre Myung Ga Korean Restaurant (non-residential),18/11/2020,5586
Yau Tsim Mong,59B Tung Choi Street Yummy (non-residential),18/11/2020,5591
Central & Western,Four Seasons Hotel Hong Kong (non-residential),18/11/2020,5595
Sham Shui Po,Shek Kip Mei Park Sports Centre (non-residential),18/11/2020,5615
Southern,Aberdeen Municipal Services Building (non-residential),18/11/2020,5625
Sham Shui Po,CST Sky Cuisine (non-residential),18/11/2020,5634
Sham Shui Po,Cheung Sha Wan Plaza Glorious Chinese Restaurant (non-residential),18/11/2020,5634
Yau Tsim Mong,Park Hovan Commercial Building (The World Dancer Performing Arts Federation) (non-residential),18/11/2020,5661
Central & Western,9 Des Voeux Road West Heavenly Dance (non-residential),18/11/2020,"5513, 5514, 5515, 5545, 5547, 5550, 5585, 5595, 5597, 5632, 5638, 5656, 5659, 5690, 5700, 5719, 5729, 5733, 5789, 5792, 5801, 5865, 5881, 5983, 6093, 6294"
Wan Chai,W Square Chassé (non-residential),18/11/2020,"5515, 5548, 5550, 5661, 5920"
Eastern,EAST Hong Kong Hotel (non-residential),19/11/2020,5503
Yuen Long,Tin Shui Market (non-residential),19/11/2020,5532
Kwai Tsing,Kentucky Industrial Building (non-residential),19/11/2020,5547
Sha Tin,MOS Centre (Shopping Centre) (non-residential),19/11/2020,5574
Wan Chai,450 Lockhart Road (non-residential),19/11/2020,5585
Central & Western,Sea Bird House (non-residential),19/11/2020,5587
Wan Chai,14-16 Sing Woo Road (non-residential),19/11/2020,5587
Central & Western,Lloyds Commercial Centre (non-residential),19/11/2020,5587
Yau Tsim Mong,Macpherson Stadium (non-residential),19/11/2020,5588
Yau Tsim Mong,105 Argyle Street McDonald's (non-residential),19/11/2020,5591
Sham Shui Po,121 Fuk Wing Street Man Kee Cart Noodle (non-residential),19/11/2020,5591
Central & Western,Sheung Wan Market and Cooked Food Centre (non-residential),19/11/2020,5597
Kowloon City,Fu Hang Industrial Building (non-residential),19/11/2020,5613
Eastern,Wai Sing Mansion Sing Fai Terrace Men Wah Bing Teng (non-residential),19/11/2020,5617
Eastern,One Island East (non-residential),19/11/2020,5617
Wan Chai,Wan Chai Market (non-residential),19/11/2020,5619
Sai Kung,PopCorn (non-residential),19/11/2020,5628
Kwun Tong,Ngau Tau Kok Municipal Services Building (non-residential),19/11/2020,5633
Sham Shui Po,Sunlight Building Wealthy Garden Seafood Restaurant (non-residential),19/11/2020,5637
Sha Tin,Ma On Shan Centre 傷心酸辣粉 (non-residential),19/11/2020,5644
Sha Tin,Yiu On Market (non-residential),19/11/2020,5644
Yau Tsim Mong,MOKO (non-residential),19/11/2020,5657
Sha Tin,Kwong Yuen Community Hall (non-residential),19/11/2020,5658
Eastern,18 Wang On Road Chop Chop 食神叉燒 (non-residential),19/11/2020,5661
Eastern,Maylun Apartments (non-residential),19/11/2020,5661
Yau Tsim Mong,Kwun Chung Municipal Services Building (non-residential),19/11/2020,5663
Yau Tsim Mong,Yau Shing Commercial Centre Maxim's MX (non-residential),19/11/2020,5668
Yau Tsim Mong,72 Sai Yeung Choi Street South (non-residential),19/11/2020,5668
Yau Tsim Mong,6-12 Sai Yeung Choi Street South (non-residential),19/11/2020,5668
Yau Tsim Mong,13-19 Sai Yeung Choi Street South (non-residential),19/11/2020,5668
Wan Chai,The Hong Kong Jockey Club Happy Valley Clubhouse The Rock (non-residential),19/11/2020,5690
Yau Tsim Mong,Grand Right Centre (non-residential),19/11/2020,5741
Tai Po,Tai Po Plaza Tsui Wah Restaurant (non-residential),19/11/2020,5780
Islands,Discovery Bay North Plaza (non-residential),19/11/2020,5795
Tsuen Wan,Belvedere Garden Phase I (non-residential),19/11/2020,5831
Sham Shui Po,Mei Foo Estate Phase 8 (non-residential),19/11/2020,5861
Wong Tai Sin,Tsz Wan Shan Shopping Centre (non-residential),19/11/2020,6122
Wan Chai,25 Shan Kwong Road (non-residential),19/11/2020,"5446, 5585, 5617"
Wan Chai,Sunshine Plaza Starlight Dance Club (non-residential),19/11/2020,"5487, 5500, 5502, 5503, 5513, 5514, 5515, 5516, 5517, 5520, 5524, 5530, 5531, 5532, 5538, 5541, 5544, 5545, 5546, 5547, 5548, 5550, 5551, 5554, 5555, 5556, 5557, 5567,5588, 5597, 5614, 5638, 5640, 5713, 5722, 5726, 5729, 5787, 5801, 5865, 5920, 6096, 6207, 6304"
Wan Chai,Richmond Plaza Dance Culture (non-residential),19/11/2020,"5514, 5515, 5544, 5545, 5548, 5557, 5719, 5844, 5801, 5886, 5937, 6096"
Eastern,148 Electric Road DanzStage Dance Studio (non-residential),19/11/2020,"5590, 5602, 5975, 6001, 6304"
Sha Tin,Heng On Commercial Centre (non-residential),20/11/2020,5526
Yau Tsim Mong,47-49 Parkes Street Australia Dairy Company (non-residential),20/11/2020,5591
Yau Tsim Mong,The Beacon (non-residential),20/11/2020,5607
Sham Shui Po,Nam Cheong Commercial Building (non-residential),20/11/2020,5615
Southern,South View Garden (Shopping Centre) (non-residential),20/11/2020,5619
Tai Po,Ling Liang Church M H Lau Secondary School (non-residential),20/11/2020,5620
Wan Chai,Fuk Lee Buildling Po Woo Restaurant (non-residential),20/11/2020,5627
Sai Kung,77 Chun Choi Street (non-residential),20/11/2020,5628
Sham Shui Po,Hong Kong Institute of Technology Cheung Sha Wan Campus (non-residential),20/11/2020,5629
Yau Tsim Mong,Hollywood Plaza (non-residential),20/11/2020,5631
Sham Shui Po,Block C Hong Kong Industrial Centre (non-residential),20/11/2020,5634
Wong Tai Sin,Lions Rise Mall House of Ho Yuen Noodle Cuisine (non-residential),20/11/2020,5637
Yau Tsim Mong,Allied Plaza (non-residential),20/11/2020,5637
Sha Tin,G/F Sunshine City Phase 1 (non-residential),20/11/2020,5644
Yau Tsim Mong,Mong Kok Market (non-residential),20/11/2020,5663
Yau Tsim Mong,Silvercord (non-residential),20/11/2020,5671
Kwun Tong,King Palace Plaza (non-residential),20/11/2020,5679
Kwun Tong,Kwong Tin Shopping Centre Grand Pleasure Seafood Restaurant (non-residential),20/11/2020,5690
Sai Kung,East Point City One Cuisine (non-residential),20/11/2020,5703
Sai Kung,MCP Central (non-residential),20/11/2020,5718
Kowloon City,Block 1 Housing Authority Headquarters (non-residential),20/11/2020,5721
Sham Shui Po,257 Yu Chau Street 川味美食 (non-residential),20/11/2020,5734
Yau Tsim Mong,1 Lai Chi Kok Road Nom Nom Dumpling (non-residential),20/11/2020,5754
Central & Western,Far East Consortium Building (non-residential),20/11/2020,5755
Sha Tin,No. 23-31 G/F Sun Kit House Sun Chui Estate (non-residential),20/11/2020,5774
Kwun Tong,Lok Wah Estate Community Centre (non-residential),20/11/2020,5825
North,Hong Kong Taoist Association Tang Hin Memorial Secondary School (non-residential),20/11/2020,5855
Central & Western,Bank of America Tower (non-residential),20/11/2020,5862
Wong Tai Sin,M2 Square (non-residential),20/11/2020,5882
Tsuen Wan,Lik Sang Plaza (non-residential),20/11/2020,5882
Tai Po,Shuen Wan Chan Uk (non-residential),20/11/2020,5898
Eastern,Fukien Secondary School (Siu Sai Wan) (non-residential),20/11/2020,5931
Wong Tai Sin,Hsin Kuang Centre Fulum Palace (non-residential),20/11/2020,6000
Eastern,Devon House (non-residential),20/11/2020,6122
Wan Chai,Cameron Commercial Centre (non-residential),20/11/2020,6170
Wan Chai,Chinaweal Centre More Dance Fame (non-residential),20/11/2020,"5516, 5587, 5855, 6047"
Yau Tsim Mong,BCC Building Palladium International Dance Club (non-residential),20/11/2020,"5518, 5532, 5591, 5609, 5641, 5669, 5682, 5683, 5688, 5778, 5791, 5854, 5866, 6098, 6113, 6166, 6223"
Wan Chai,SUP Tower Shining Star Dance Studio (non-residential),20/11/2020,"5548, 5567, 5627, 5632, 5679, 5708"
Yau Tsim Mong,Quality Tower Pine Tree Hill Seafood (non-residential),20/11/2020,"5561, 5788, 6355"
Sha Tin,Sha Tin Market (non-residential),20/11/2020,"5642, 5575"
Sha Tin,Sha Tin Town Hall (non-residential),20/11/2020,"5747, 5753"
Wan Chai,Wong Nai Chung Municipal Services Building Cheong Kee (non-residential),21/11/2020,5587
Central & Western,The Landmark (non-residential),21/11/2020,5659
Sha Tin,Kam Tai Shopping Centre (non-residential),21/11/2020,5669
Wong Tai Sin,Galaxy Factory Building (non-residential),21/11/2020,5677
Yau Tsim Mong,True Light Girls' College (non-residential),21/11/2020,5680
Eastern,Customs Headquarters Building (non-residential),21/11/2020,5685
Sai Kung,G/F Bauhinia Garden (non-residential),21/11/2020,5703
Sha Tin,Mei Lam Shopping Cenrtre Victoria Harbour Roasted Goose Seafood Restaurant (non-residential),21/11/2020,5704
Tuen Mun,Sun Tuen Mun Shopping Centre Double Happiness Restaurant (non-residential),21/11/2020,5708
Tuen Mun,San Hui Market (non-residential),21/11/2020,5723
Islands,1 Tung Fai Road (non-residential),21/11/2020,5735
Sai Kung,The Parkside First Heart (non-residential),21/11/2020,5754
Sai Kung,The Parkside Day Day Fresh (non-residential),21/11/2020,5754
Eastern,Winner House (non-residential),21/11/2020,5774
Sham Shui Po,481 Castle Peak Road (non-residential),21/11/2020,5777
Southern,Lei Tung Commerical Centre (non-residential),21/11/2020,5778
Southern,3 Tin Hau Temple Road (non-residential),21/11/2020,5803
Sai Kung,Jockey Club HKFA Football Training Centre (non-residential),21/11/2020,5807
Wong Tai Sin,60 Lung Chi Path 新志興至尊燒鵝大王 (non-residential),21/11/2020,5849
Southern,The Repulse Bay Arcade (non-residential),21/11/2020,5895
Wan Chai,Lai Sing Building (non-residential),21/11/2020,5895
Sai Kung,Po Lam Shopping Centre (non-residential),21/11/2020,5898
Yau Tsim Mong,Mira Place 1 (non-residential),21/11/2020,5952
Central & Western,Smithfield Municipal Services Building (non-residential),21/11/2020,5975
Eastern,Tung Fat Building Katsuisen (non-residential),21/11/2020,5986
Kowloon City,12 Man Yue Street (non-residential),21/11/2020,6015
Wong Tai sin,G/F 110 Shatin Pass Road (non-residential),21/11/2020,6018
Yau Tsim Mong,Energy Plaza TamJai SamGor (non-residential),21/11/2020,6035
Wong Tai Sin,23 Yin Hing Street Shun King Restaurant (non-residential),21/11/2020,6054
Central & Western,New World Tower Tsui Hang Village (non-residential),21/11/2020,6055
Yau Tsim Mong,JD Mall (non-residential),21/11/2020,6104
Wan Chai,The Hong Kong Jockey Club Happy Valley Clubhouse Hong Kong Kitchen (non-residential),21/11/2020,6110
Yau Tsim Mong,InterContinental Grand Stanford Hong Kong (non-residential),21/11/2020,6110
Central & Western,33 Wyndham Street (non-residential),21/11/2020,6110
Yau Tsim Mong,Langham Hotel Hong Kong (non-residential),21/11/2020,6170
Wong Tai Sin,Choi Hung Road Sports Centre (non-residential),21/11/2020,6222
Wong Tai Sin,Yue Xiu Plaza Hsin Kuang Banquet Hall (non-residential),21/11/2020,"5532, 5547, 5561, 5568, 5574, 5592, 5612, 5634, 5672, 5674, 5688, 5771, 5739, 5747, 5766, 5781, 5790, 5800, 5832, 5961, 6314, 6433"
Sha Tin,New Town Plaza (non-residential),21/11/2020,"5575, 5780"
Sham Shui Po,Woh Chai Street Lucky Dragon Restaurant (non-residential),21/11/2020,"5615, 5751, 5775, 5825, 5840, 6065, 6223"
Kwun Tong,Kai Yip Commercial Centre Double Happiness Restaurant (星輝宴會廳) (non-residential),21/11/2020,"5669, 5688, 5689, 5703, 5762, 5774, 5808, 5853, 5990, 6026, 6070, 6085, 6120, 6333, 6377, 6462"
Wan Chai,Chuang's Enterprises Building Stellar House (non-residential),21/11/2020,"5715, 6201"
Central & Western,Bank of China Building China Club (non-residential),21/11/2020,"5728, 5733"
Sha Tin,Tai Wai Market (non-residential),21/11/2020,"5730, 5883"
Wong Tai Sin,Choi Wan Commerical Complex Lucky Dragon Palace Restaurant (non-residential),21/11/2020,"5840, 5945, 5967, 6299"
Yau Tsim Mong,Henry G. Leong Yaumatei Community Centre (non-residential),21/11/2020,"5845, 5669"
Wong Tai Sin,30 Fei Fung Street Bandstage Live Music (non-residential),21/11/2020,"5885, 5911, 5939, 5997, 5998, 6021, 6022, 6037, 6063, 6202"
Tuen Mun,Tai Hing Community Hall (non-residential),21/11/2020,"6157, 6295, 6365"
Tai Po,Tai Po Complex (non-residential),22/11/2020,5648
Yau Tsim Mong,Harbour Plazas Metropolis (non-residential),22/11/2020,5721
Wan Chai,36 Jardine's Bazaar (non-residential),22/11/2020,5737
Sha Tin,Hong Kong Jockey Club Sha Tin Racecourse Champion Circle (non-residential),22/11/2020,5753
Sai Kung,Popcorn Toast Box (non-residential),22/11/2020,5754
Kowloon City,Ilford Court Perth Garden (non-residential),22/11/2020,5754
Sha Tin,Lek Yuen Plaza Yoshinoya (non-residential),22/11/2020,5754
Eastern,Sai Wan Ho Municipal Services Building (non-residential),22/11/2020,5783
Yau Tsim Mong,Oriental Centre Kings' Lodge (non-residential),22/11/2020,5803
Yau Tsim Mong,15 Cameron Road Master Congee (non-residential),22/11/2020,5803
Yau Tsim Mong,100 Canton Road (non-residential),22/11/2020,5803
Wong Tai Sin,Choi Wan Commercial Complex (non-residential),22/11/2020,5804
Kwai Tsing,100 Kwai Cheong Road Lof10 (KC100) (non-residential),22/11/2020,5807
Yau Tsim Mong,G/F 197 Fa Yuen Street (non-residential),22/11/2020,5810
Yau Tsim Mong,The Toy House (non-residential),22/11/2020,5858
Sham Shui Po,The Sorentino (non-residential),22/11/2020,5859
Eastern,Siu Sai Wan Plaza (non-residential),22/11/2020,5879
Yau Tsim Mong,K11 Musea (non-residential),22/11/2020,5882
Yau Tsim Mong,Grand Plaza Gyu-Kaku Buffet (non-residential),22/11/2020,5882
Eastern,Taikoo Place (non-residential),22/11/2020,5895
Yuen Long,Coronet Court Tak Fook Seafood Restaurant (non-residential),22/11/2020,5952
Kwai Tsing,70 Chung Mei Road (non-residential),22/11/2020,5993
Yau Tsim Mong,The Kowloon Hotel Loong Yat Heen (non-residential),22/11/2020,6035
Kwai Tsing,Southern Building McDonald's (non-residential),22/11/2020,6035
Yau Tsim Mong,The Royal Garden (non-residential),22/11/2020,6035
Yau Tsim Mong,Gala Place Morokok (non-residential),22/11/2020,6035
Tsuen Wan,Tai Hung Fai (Tsuen Wan) Centre Sheung Moon Chinese Cuisine (non-residential),22/11/2020,6036
Tuen Mun,Gold Coast Hotel Café Lagoon (non-residential),22/11/2020,6036
Kwun Tong,Citi Tower ClubONE Bay East (non-residential),22/11/2020,6056
Sham Shui Po,Tower 2 Nob Hill (non-residential),22/11/2020,6073
North,Good Harvest Centre (non-residential),22/11/2020,6082
Tsuen Wan,Nina Tower Nabe Urawa (non-residential),22/11/2020,6163
Yau Tsim Mong,Langham Place Office Tower (non-residential),22/11/2020,6350
Sham Shui Po,Pei Ho Street Municipal Services Building Cooked Food Centre (non-residential),22/11/2020,"5436, 5816"
Yau Tsim Mong,Golden Era Plaza 金儷星 (non-residential),22/11/2020,"5568, 5606, 5607, 5609, 5615, 5665, 5670, 5671, 5675, 5676, 5682, 5683, 5689, 5703, 5708, 5711, 5725, 5734, 5737, 5738, 5740, 5743, 5752, 5745, 5750, 5751, 5754, 5762, 5764, 5767, 5769, 5772, 5773, 5774, 5775, 5776, 5782, 5843, 5858, 5840, 5783, 5818, 5842, 5825, 5845, 5850, 5856, 5857, 5863, 5811, 5841, 5879, 5883, 5884, 5891, 5907, 5918, 5922, 5924, 5925, 5928, 5932, 5933, 5934, 5943.5963, 5964, 6023, 6095, 6106, 6111, 6112, 6113, 6183, 6184, 6223, 6224, 6232, 6238, 5822, 5919, 6256, 6257, 6297, 6371, 6488"
Sha Tin,Belair Gardens Commercial Complex Hsin Kuang Banquet Hall (non-residential),22/11/2020,"5615, 5642, 5674, 5742, 5751, 5766, 5813, 5900, 5906, 5915, 6042, 6048, 6049, 6175"
Tai Po,Tai Po Rural Committee Po Heung Street (non-residential),22/11/2020,"5648, 5756"
Yau Tsim Mong,Kowloon Funeral Parlour (non-residential),22/11/2020,"6036, 6064"
Sha Tin,Heng On Sports centre (non-residential),23/11/2020,5743
Sha Tin,Ma On Shan Sports Centre (non-residential),23/11/2020,5743
Tsuen Wan,Golden Bear Industrial Centre (non-residential),23/11/2020,5750
Yau Tsim Mong,Winfield Building (non-residential),23/11/2020,5751
Sai Kung,Popcorn Jade Garden (non-residential),23/11/2020,5754
Yau Tsim Mong,iSquare Choi Fook Royal Banquet (non-residential),23/11/2020,5773
Yau Tsim Mong,469 Nathan Road Garden Restaurant (non-residential),23/11/2020,5773
Southern,Merlin Garden (non-residential),23/11/2020,5803
Central & Western,7-11 Mercer Street (non-residential),23/11/2020,5807
Yau Tsim Mong,Fu Tor Loy Shopping Centre Stage II (non-residential),23/11/2020,5858
Yau Tsim Mong,Grand Plaza Tao Heung The Pier Market Store (non-residential),23/11/2020,5858
North,Wah Ming Shopping Centre (non-residential),23/11/2020,5861
Wan Chai,Hong Kong Adventist Hospital (non-residential),23/11/2020,5884
Central & Western,Edinburgh Tower The Landmark (non-residential),23/11/2020,5885
Wan Chai,Haw Par Mansion (non-residential),23/11/2020,5894
Wan Chai,310 Gloucester Road (non-residential),23/11/2020,5895
Wan Chai,8 Yik Yam Street (non-residential),23/11/2020,5895
Yau Tsim Mong,Miramar Tower (non-residential),23/11/2020,5930
Yau Tsim Mong,32-48 Mody Road Reaction Coffee Roasters (non-residential),23/11/2020,5947
Kwun Tong,Winful Centre 30 Café (non-residential),23/11/2020,5950
Kwun Tong,King Yip Factory Building (non-residential),23/11/2020,5950
Kowloon City,APB Centre (non-residential),23/11/2020,5969
Eastern,169 Electric Road Deluxe Cuisine (non-residential),23/11/2020,5987
Sha Tin,74-76 Chik Fu St Sun Dai Lee Noodle Restaurant (non-residential),23/11/2020,5994
Yau Tsim Mong,35 Ashley Road Aurora Fusion Restaurant (non-residential),23/11/2020,6021
Kwun Tong,AIA Kowloon Tower (non-residential),23/11/2020,6022
Central & Western,Manley Commercial Building Pacific Coffee (non-residential),23/11/2020,6055
Tuen Mun,H K R S S Tuen Mun Primary School (non-residential),23/11/2020,6118
Central & Western,Melbourne Plaza (non-residential),23/11/2020,6170
Wan Chai,Hysan Place (non-residential),23/11/2020,"5426, 5895"
Wan Chai,68 Yee Wo Street (non-residential),23/11/2020,"5511, 6016"
Wan Chai,Great Smart Tower Dance Concept (non-residential),23/11/2020,"5515, 5547, 5748, 5921,5984, 6360"
Sham Shui Po,Park Fook Industrial Building Matex Club (non-residential),23/11/2020,"5532, 5590, 5859"
Sham Shui Po,Festival Walk (non-residential),23/11/2020,"5534, 5895"
Southern,Abba Commerical Building (non-residential),23/11/2020,"5625, 5641, 5723, 5973"
Tai Po,88 Square Saizeriya Restaurant (non-residential),23/11/2020,"5648, 5756"
Southern,Ocean Park (non-residential),23/11/2020,"5741, 6163"
Yau Tsim Mong,Miramar Shopping Centre Phillip Wain (non-residential),23/11/2020,"5889, 5947, 5930, 5955, 6030, 6032, 6033, 6081, 6083, 6185, 6219, 6220, 6222, 6227, 6228, 6234, 6162, 6200, 6252, 6296"
Yuen Long,Ching Tai Street 海灣海鮮酒家 (non-residential),23/11/2020,"5917, 6108"
Yau Tsim Mong,Lai Ming Building (non-residential),23/11/2020,"6031, 6149, 6158, 6180"
Kwai Tsing,Kwai Shing Industrial Building (non-residential),24/11/2020,5695
Yau Tsim Mong,Argyle Centre Phase 1 (non-residential),24/11/2020,5791
Sha Tin,8 On Shing Street Union Hospital Polyclinic (Ma On Shan) (non-residential),24/11/2020,5791
Tsuen Wan,One Midtown (non-residential),24/11/2020,5801
Yau Tsim Mong,Kowloon Cricket Club (non-residential),24/11/2020,5801
Sha Tin,Lucky Plaza (non-residential),24/11/2020,5813
Sha Tin,Sha Tin Centre McDonald's (non-residential),24/11/2020,5813
Sha Tin,Sha Tin Centre Tam Chai Yunnan Noodles (non-residential),24/11/2020,5813
Sham Shui Po,Melbourne Building (non-residential),24/11/2020,5818
Yau Tsim Mong,Omega Plaza (non-residential),24/11/2020,5822
Wan Chai,Times Square Lei Garden (non-residential),24/11/2020,5826
Sha Tin,Sunshine City (non-residential),24/11/2020,5826
Sham Shui Po,V Walk Grand Fulum (non-residential),24/11/2020,5843
Kwun Tong,Telford Plaza I McDonald's (non-residential),24/11/2020,5849
Sha Tin,Sha Tin Plaza Fairwood (non-residential),24/11/2020,5882
Sha Tin,The Garrison (non-residential),24/11/2020,5882
Yau Tsim Mong,Mody Road Ocean View Court (non-residential),24/11/2020,5902
Central & Western,Gloucester Tower (non-residential),24/11/2020,5903
Yau Tsim Mong,North Tower World Finance Centre (non-residential),24/11/2020,5927
Kowloon City,Yik Yin Building (non-residential),24/11/2020,5928
Kwai Tsing,Kwai Chung Plaza (non-residential),24/11/2020,5932
Central & Western,York House (non-residential),24/11/2020,5938
Sham Shui Po,G/F Sunning Mansion (non-residential),24/11/2020,5951
Central & Western,Bank of America Tower Fairwood (non-residential),24/11/2020,5985
Eastern,A T Tower (non-residential),24/11/2020,5989
Tsuen Wan,18 Shiu Wo Street 光榮冰室 (non-residential),24/11/2020,5994
Kwai Tsing,Kwai Chung Plaza Pak Mei House (non-residential),24/11/2020,5994
Eastern,Yue Wan Market (non-residential),24/11/2020,5996
Eastern,74-82 Wharf Road Bar Pacific (non-residential),24/11/2020,5998
Eastern,Kornhill Plaza (North) Maxim's MX (non-residential),24/11/2020,5998
Kwun Tong,CCB Centre (non-residential),24/11/2020,6000
Sham Shui Po,Dragon Centre Genki Sushi (non-residential),24/11/2020,6002
Kowloon City,Planet Square (non-residential),24/11/2020,6012
Kwai Tsing,Cheung Fat Plaza (non-residential),24/11/2020,6044
Yau Tsim Mong,The Luxe Manor (non-residential),24/11/2020,6051
Central & Western,Two Pacific Place (non-residential),24/11/2020,6171
Wan Chai,World Trade Centre (non-residential),24/11/2020,6189
Yau Tsim Mong,Majestic House (non-residential),24/11/2020,6206
Central & Western,Wo Hing Commercial Building (non-residential),24/11/2020,6234
Yau Tsim Mong,Royal Plaza Hotel (non-residential),24/11/2020,6259
Tsuen Wan,59 Heung Wo Street Ho Choi Seafood Restaurant (non-residential),24/11/2020,6291
Yau Tsim Mong,Mary Building Starway Music Studio (non-residential),24/11/2020,"5578, 5647, 5680, 5681, 5721, 5796, 5797, 5805, 5806, 5935, 5982"
Sha Tin,Union Hospital (non-residential),24/11/2020,"5672, 5730, 5844, 6196, 6357, 6480"
Wan Chai,Lee Garden Two Phillip Wain (non-residential),24/11/2020,"5935, 5947, 5955, 6162, 6233, 6234"
Eastern,City Plaza 4 (non-residential),24/11/2020,"5955, 6016, 6030"
Yau Tsim Mong,K11 Musea Camellia (non-residential),25/11/2020,5884
Wan Chai,Vocational Training Council Tower (non-residential),25/11/2020,5887
Central & Western,3 Belcher's Street Tak Kee Chiu Chou Restaurant (non-residential),25/11/2020,5887
Kwun Tong,Ping Tin Shopping Centre (non-residential),25/11/2020,5897
Kwun Tong,Kai Tin Shopping Centre (non-residential),25/11/2020,5897
Kwun Tong,Sceneway Plaza (non-residential),25/11/2020,5897
Wong Tai Sin,"G/F Fu Shun House, Fu Shan Estate (non-residential)",25/11/2020,5918
Yau Tsim Mong,Chong Hing Square (non-residential),25/11/2020,5925
Sha Tin,Hin Keng Cooked Food Stalls Wing Fat Restaurant (non-residential),25/11/2020,5925
Islands,Citygate Outlets Cova Pasticceria & Confetteria (non-residential),25/11/2020,5930
Kwai Tsing,Maritime Square (non-residential),25/11/2020,5930
Yau Tsim Mong,Elements Obihiro Hageten Japanese Resturant (non-residential),25/11/2020,5930
Tuen Mun,G/F Venice Gardens (non-residential),25/11/2020,5932
Tuen Mun,Hong Kong Customs College (non-residential),25/11/2020,5948
Sha Tin,Tin Sam Tsuen 榮發燒味茶餐廳 (non-residential),25/11/2020,5950
Kwai Tsing,North Kwai Chung Tang Shiu Kin Sports Centre (non-residential),25/11/2020,5966
Tuen Mun,Ming Fat Industrial Building (non-residential),25/11/2020,5967
Kwun Tong,G/F Wai King Building (non-residential),25/11/2020,5986
Sai Kung,Tseung Kwan O Plaza Saizeriya Italian Restaurant (non-residential),25/11/2020,5989
Wan Chai,Wan Chai Road Men Wah Bing Teng (non-residential),25/11/2020,5989
Kwai Tsing,Hong Kong Worsted Mills Industrial Building (non-residential),25/11/2020,5992
Kwai Tsing,The Galaxy (non-residential),25/11/2020,5994
Sha Tin,The Cavaridge (non-residential),25/11/2020,5994
Sha Tin,Citylink Plaza (non-residential),25/11/2020,6016
Eastern,Max Share Centre (non-residential),25/11/2020,6017
Kwun Tong,International Plaza (non-residential),25/11/2020,6019
Yau Tsim Mong,Harbour City (non-residential),25/11/2020,6021
Wan Chai,Chang Pao Ching Building (non-residential),25/11/2020,6031
Tuen Mun,Playmates Factory Building Phase II (non-residential),25/11/2020,6067
Yau Tsim Mong,Olympian City (non-residential),25/11/2020,6091
Tsuen Wan,Goodman Global Gateway (non-residential),25/11/2020,6092
Kwun Tong,Billion Centre (non-residential),25/11/2020,6103
Central & Western,St. Clare's Primary School (non-residential),25/11/2020,6133
Kwai Tsing,Block 7 Kwai Shing West Estate (non-residential),25/11/2020,6135
Eastern,AIA Tower (non-residential),25/11/2020,6158
Eastern,Healthy Village King's Wine and Dine (non-residential),25/11/2020,6158
Wan Chai,Immigration Tower (non-residential),25/11/2020,6185
Kwai Tsing,Block 5 Tsing Yi Garden (non-residential),25/11/2020,6198
Yau Tsim Mong,Houston Centre (non-residential),25/11/2020,6201
Wan Chai,Ying Kong Mansion Kin Kin Yakiniku (non-residential),25/11/2020,6201
Kwun Tong,Block A Manulife Tower (non-residential),25/11/2020,6202
Yau Tsim Mong,Ocean Terminal XIHEYAYUAN (non-residential),25/11/2020,6204
Kwun Tong,Manning Industrial Building (non-residential),25/11/2020,6273
Southern,Hong Kong Juvenile Care Centre Chan Nam Cheong Memorial School (non-residential),25/11/2020,6350
Kwun Tong,Skyline Tower Hana Musubi (non-residential),25/11/2020,6410
Kowloon City,To Kwa Wan Market (non-residential),25/11/2020,"5663, 5925"
Sai Kung,Monterey Place (non-residential),25/11/2020,"5754, 5887"
Sha Tin,Hin Keng Shopping Centre Happiness Cuisine (non-residential),25/11/2020,"5901, 5925"
Wan Chai,Lee Garden One (non-residential),26/11/2020,5947
Sha Tin,Wing Sam House Lung Hang Estate 隆亨花園餐廳 (non-residential),26/11/2020,5950
Sham Shui Po,Chou Chong Commercial Building (non-residential),26/11/2020,5951
Yau Tsim Mong,SKH All Saints' Middle School (non-residential),26/11/2020,5951
Islands,Office Building Civil Aviation Department Headquarters (non-residential),26/11/2020,5958
Yau Tsim Mong,Wing On Plaza (non-residential),26/11/2020,5958
Kwai Tsing,Shek Tai House Shek Lei (I) Estate (non-residential),26/11/2020,5958
Sham Shui Po,Cheung Sha Wan Plaza Tamjai Yunnan Mixian (non-residential),26/11/2020,5958
Sham Shui Po,Yan Fook Centre (non-residential),26/11/2020,5958
Tsuen Wan,29 Tsuen Wan Market Street 潮龍園 (non-residential),26/11/2020,5958
Yau Tsim Mong,Langham Place (non-residential),26/11/2020,5964
Yau Tsim Mong,Langham Place Food Court (non-residential),26/11/2020,5964
Yau Tsim Mong,New Asia Building Fishball Gor (non-residential),26/11/2020,5964
Kowloon City,Ho Man Tin Swimming Pool (non-residential),26/11/2020,5997
Southern,ac2 Nam Ning Street Joy Cuisine (non-residential),26/11/2020,6052
Wan Chai,Wong Nai Chung Municipal Services Building (non-residential),26/11/2020,6120
Yau Tsim Mong,Sheraton Hong Kong Hotel & Towers (non-residential),26/11/2020,6170
Yau Tsim Mong,South Tower West Kowloon Government Offices (non-residential),26/11/2020,6194
Sham Shui Po,West Kowloon Law Courts Building (non-residential),26/11/2020,6200
Wan Chai,China Resouces Building (non-residential),26/11/2020,6201
Kwun Tong,Skyline Tower (non-residential),26/11/2020,6213
Yau Tsim Mong,Holiday Inn Golden Mile Hong Kong (non-residential),26/11/2020,6246
Eastern,Ruby Court (non-residential),26/11/2020,6278
Sai Kung,Tak Chak House Hau Tak Estate (non-residential),26/11/2020,6282
Tsuen Wan,Belvedere Garden Phase 2 (non-residential),26/11/2020,6291
Kwai Tsing,Tung Wah Group of Hospitals S. C. Gaw Memorial College (non-residential),26/11/2020,6396
Yuen Long,T Town (non-residential),26/11/2020,6461
Kowloon City,Hung Hom Municipal Services Building (non-residential),26/11/2020,"5613, 6327"
Central & Western,Alliance Building Chuen Cheung Kui (non-residential),26/11/2020,"6055, 6136, 6171, 6247, 6350"
Central & Western,Loon Kee Building Sky Cuisine (non-residential),26/11/2020,"6251, 6279, 6487"
Kowloon City,171 Kowloon City Road (non-residential),27/11/2020,6015
Eastern,Canossa College (non-residential),27/11/2020,6115
Kowloon City,The Whampoa Amazing World (Site 1) (non-residential),27/11/2020,6168
Central & Western,Asia Standard Tower (non-residential),27/11/2020,6169
Kwun Tong,Kai Yip Commercial Centre Double Happiness Restaurant (non-residential),27/11/2020,6173
Yau Tsim Mong,Jordan Centre (non-residential),27/11/2020,6205
Sai Kung,Holiday Inn Express Hong Kong Kowloon East (non-residential),27/11/2020,6205
Yau Tsim Mong,International Commerce Centre (non-residential),27/11/2020,6249
Kwun Tong,Hoi Luen Industrial Centre Spicy Crab (non-residential),27/11/2020,6273
Kwai Tsing,Goodman Kwai Chung Logistics Centre (non-residential),27/11/2020,6292
Islands,9 Chun Wan Road (non-residential),27/11/2020,6295
Kwun Tong,E Plaza Sportful Garden Restaurant (non-residential),27/11/2020,6302
Sham Shui Po,Pei Ho Street Municipal Services Building (non-residential),27/11/2020,6341
Southern,West Island School (non-residential),27/11/2020,6350
Wong Tai Sin,St. Patrick's Catholic Primary School (Po Kong Village Road) (non-residential),27/11/2020,6393
Eastern,Sai Wan Ho Municipal Services Building (non-residential),27/11/2020,6494
Eastern,Yiu Tung Shopping Centre (non-residential),27/11/2020,6494
Sham Shui Po,Nob Hill Square Betterment Banquet Hall (non-residential),27/11/2020,"5579, 5766, 5810, 5852, 5859, 5884, 5923, 5965, 6002, 6009, 6105, 6138, 6221, 6226, 5689, 5940, 6306, 6308, 6449, 6494"
Wan Chai,Hong Kong Sanatorium & Hospital (non-residential),27/11/2020,"5587, 5801, 6198, 6199, 6382"
Sham Shui Po,Tin On Industrial Building (non-residential),27/11/2020,"6013, 6178"
Central & Western,Alexandra House Otto e Mezzo 8½ Bombana (non-residential),27/11/2020,"6072, 6160, 6172, 6176, 6177, 6182"
Central & Western,Shun Tak Centre China Merchants Tower (non-residential),27/11/2020,"6247, 6259"
Sham Shui Po,Tung Wah Group of Hospitals Ho Yuk Ching Willow Lodge (non-residential),27/11/2020,"6275, 6370"
Kwun Tong,Kwun Tong Industrial Centre Phase 2 (non-residential),27/11/2020,"6302, 6305"
Central & Western,36 Pottinger Street (non-residential),28/11/2020,6300
Kwun Tong,Kai Yue House Kai Yip Estate (non-residential),28/11/2020,6333
Yau Tsim Mong,Golden Era Plaza (non-residential),28/11/2020,6346
Tuen Mun,Tuen Mun Central Square (non-residential),28/11/2020,6370
Kwun Tong,Domain Super Super Congee & Noodle (non-residential),28/11/2020,6410
Central & Western,Lippo Centre Tower 1 (non-residential),28/11/2020,6411
Eastern,TWGHS Fong Shu Chuen Social Service Building (non-residential),28/11/2020,"6179, 6351"
Central & Western,Justice Place West Wing (non-residential),29/11/2020,6388
Kwun Tong,TBG Mall (non-residential),29/11/2020,6410
Tuen Mun,Honley Court 唐記粉麵小食 (non-residential),29/11/2020,6430
Yau Tsim Mong,The One Gram cafe & pancakes (non-residential),29/11/2020,6430
Yuen Long,YOHO Mall I Le Grand Pokka Café (non-residential),29/11/2020,6430
Southern,Hong Kong Parkview (non-residential),29/11/2020,6432
Sham Shui Po,Yee Shau House Yee Kok Court (non-residential),29/11/2020,6445
Eastern,Kornhill Plaza (non-residential),29/11/2020,6494
Yau Tsim Mong,The One (non-residential),29/11/2020,"6035, 6430"
Yau Tsim Mong,Grand House 澳門咖喱王新鮮腩 (non-residential),30/11/2020,6321
Central & Western,S.K.H. St. Peter's Primary School (non-residential),30/11/2020,6420
Sham Shui Po,Un Chau Shopping Centre Golden Traditional Noodle (non-residential),30/11/2020,6445
Sham Shui Po,38 Fuk Wing Street (non-residential),30/11/2020,6445
Sai Kung,"Construction site at Phase 9, LOHAS Park (non-residential)",30/11/2020,"6345, 6346, 6387, 6416, 6451, 6453, 6454, 6455, 6456, 6481, 6482, 6483, 6484, 6485, 6486, 6489, 6491"
Kowloon City,Tung Wah Group of Hospitals Wong Fut Nam College (non-residential),30/11/2020,"6376, 6396"
